시도명,시군구명,법정읍면동명,읍면동아이디,SOC유형,SOC유형아이디,구분명,시설명,시설물 아이디,인허가일자,도로명주소,지번주소,평일운영시작시각,평일운영종료시각,토요일운영시작시각,토요일운영종료시각,공휴일운영시작시각,공휴일운영종료시각,무료이용시간,연체료부과단위시간,연체료,제어방식구분코드,사용방법설명,택배함종류코드,칸개수,칸깊이,칸너비,칸높이,설치일자,고객센터전화번호,데이터갱신일자,업태구분명,위도,경도
경기도,고양시 덕양구,주교동,"41281101",생활편의형SOC,CVNTL,무인택배함,고양안심무인택배함(주교동행정복지센터),CVNTL_19_41281_00001,,경기도 고양시 덕양구 고양대로1315번길 71,경기도 고양시 덕양구 주교동 265-1,"4:00","3:00","4:00","3:00","4:00","3:00","48",24,1000,"1",택배 주문 시 택배함 주소로 주문 후 도착 시 인증번호 입력 후 찾기,대형/01+중형/02,"01/20+02/5","01/20+02/5","01/20+02/5","01/20+02/5",2020-06-01,"1899-4711",2022-07-11,,37.6594770000,126.8296200000
경기도,고양시 덕양구,주교동,"41281101",생활편의형SOC,CVNTL,무인택배함,고양안심무인택배함(주교4경로당),CVNTL_19_41281_00009,,경기도 고양시 덕양구 마상로107번길 18,경기도 고양시 덕양구 주교동 576,"4:00","3:00","4:00","3:00","4:00","3:00","48",24,1000,"1",택배 주문 시 택배함 주소로 주문 후 도착 시 인증번호 입력 후 찾기,대형/01+중형/02,"01/20+02/5","01/20+02/5","01/20+02/5","01/20+02/5",2020-06-01,"1899-4711",2022-07-11,,37.6614340000,126.8360100000
경기도,고양시 덕양구,성사동,"41281106",생활편의형SOC,CVNTL,무인택배함,고양안심무인택배함(원당역버스정류소),CVNTL_19_41281_00011,,경기도 고양시 덕양구 고양대로 1433,경기도 고양시 덕양구 성사동 410-5,"4:00","3:00","4:00","3:00","4:00","3:00","48",24,1000,"1",택배 주문 시 택배함 주소로 주문 후 도착 시 인증번호 입력 후 찾기,대형/01+중형/02,"01/20+02/5","01/20+02/5","01/20+02/5","01/20+02/5",2020-06-01,"1899-4711",2022-07-11,,37.6532630000,126.8435000000
경기도,고양시 덕양구,화정동,"41281123",생활편의형SOC,CVNTL,무인택배함,고양안심무인택배함(화정도서관),CVNTL_19_41281_00002,,경기도 고양시 덕양구 은빛로77번길 8,경기도 고양시 덕양구 화정동 873,"4:00","3:00","4:00","3:00","4:00","3:00","48",24,1000,"1",택배 주문 시 택배함 주소로 주문 후 도착 시 인증번호 입력 후 찾기,대형/01+중형/02,"01/20+02/5","01/20+02/5","01/20+02/5","01/20+02/5",2020-06-01,"1899-4711",2022-07-11,,37.6378670000,126.8371400000
경기도,고양시 덕양구,화정동,"41281123",생활편의형SOC,CVNTL,무인택배함,고양안심무인택배함(덕양구청),CVNTL_19_41281_00012,,경기도 고양시 덕양구 화중로104번길 13,경기도 고양시 덕양구 화정동 955,"4:00","3:00","4:00","3:00","4:00","3:00","48",24,1000,"1",택배 주문 시 택배함 주소로 주문 후 도착 시 인증번호 입력 후 찾기,대형/01+중형/02,"01/20+02/5","01/20+02/5","01/20+02/5","01/20+02/5",2020-08-14,"1899-4711",2022-07-11,,37.6373940000,126.8322700000
경기도,안산시 상록구,본오동,"41271104",생활편의형SOC,CVNTL,무인택배함,본오도서관,CVNTL_19_41271_00072,,경기도 안산시 상록구 각골로 49,경기도 안산시 상록구 본오동 778,"0:00","23:59","0:00","23:59","0:00","23:59","48",24,500,"1",택배 주문 시 무인택배함 설치주소로 물품수령장소 지정-택배업체에서 무인택배함에 물품 보관 후 수취인 연락처 입력후 물품보관-수취인에게 택배도착 문자 및 인증번호 전송-수취인 인증 후 물품 수령,대형/01+중형/02+중대형/03+소형/04,"01/1+02/12+03/1+04/6","01/60+02/60+03/60+04/60","01/50+02/50+03/50+04/50","01/90+02/30+03/60+04/20",2017-04-19,"1577-1545",2022-07-11,,37.2940000000,126.8722840000
경기도,고양시 일산서구,덕이동,"41287105",생활편의형SOC,CVNTL,무인택배함,고양안심무인택배함(탄현역),CVNTL_19_41287_00026,,경기도 고양시 일산서구 경의로 856,경기도 고양시 일산서구 덕이동 238-12,"4:00","3:00","4:00","3:00","4:00","3:00","48",24,1000,"1",택배 주문 시 택배함 주소로 주문 후 도착 시 인증번호 입력 후 찾기,대형/01+중형/02,"01/20+02/5","01/20+02/5","01/20+02/5","01/20+02/5",2019-06-01,"1899-4711",2022-07-11,,37.6940730000,126.7610860000
경기도,안산시 단원구,고잔동,"41273101",생활편의형SOC,CVNTL,무인택배함,한국호텔관광전문학교,CVNTL_19_41273_00070,,경기도 안산시 단원구 중앙대로 869,경기도 안산시 단원구 고잔동 531-3,"0:00","23:59","0:00","23:59","0:00","23:59","48",24,500,"1",택배 주문 시 무인택배함 설치주소로 물품수령장소 지정-택배업체에서 무인택배함에 물품 보관 후 수취인 연락처 입력후 물품보관-수취인에게 택배도착 문자 및 인증번호 전송-수취인 인증 후 물품 수령,대형/01+중형/02+소형/03+메인중형/04+메인중형/05,"01/7+02/7+03/35+04/1+05/2","01/60+02/60+03/55+04/55+05/55","01/50+02/50+03/40+04/40+05/40","01/90+02/30+03/18+04/18+05/30",2021-03-19,"1577-1545",2022-07-11,,37.3173680000,126.8327900000
경기도,의왕시,청계동,"41430108",생활편의형SOC,CVNTL,무인택배함,청계종합사회복지관,CVNTL_19_41430_00078,,경기도 의왕시 덕장로 19,경기도 의왕시 청계동 983,"0:00","23:59","0:00","23:59","0:00","23:59","0",0,0,"1","물품 배송 시 휴대폰 문자로 전송되는 택배보관함번호, 인증번호를 확인하여, 해당 보관함에서 본인 휴대폰 번호와 전송받은 인증번호를 입력한 뒤 보관함을 열어 물품 수령",중형/02+소형/04,"02/4+04/14","02/60+04/60","02/50+04/50","02/60+04/30",2016-08-01,"1899-4711",2022-07-11,,37.3912500000,126.9949600000
경기도,고양시 일산서구,일산동,"41287101",생활편의형SOC,CVNTL,무인택배함,고양안심무인택배함(행신역),CVNTL_19_41285_00021,,"",경기도 고양시 일산서구 일산동 1652,"4:00","3:00","4:00","3:00","4:00","3:00","48",24,1000,"1",택배 주문 시 택배함 주소로 주문 후 도착 시 인증번호 입력 후 찾기,대형/01+중형/02,"01/20+02/5","01/20+02/5","01/20+02/5","01/20+02/5",2021-05-01,"1899-4711",2022-07-11,,37.6874280000,126.7773500000
경기도,의정부시,신곡동,"41150104",생활편의형SOC,CVNTL,무인택배함,의정부경전철 동오역,CVNTL_19_41150_00084,,경기도 의정부시 장곡로 471,경기도 의정부시 신곡동 547-15,"0:00","23:59","0:00","23:59","0:00","23:59","48",24,1000,"1","택배기사에 의해 물품이 보관함으로 배송되면 배송일시와 인증번호가 수령자의 휴대폰으로 전송되며, 택배도착 알림문자(인증번호)를 받은 시민은 보관함에 휴대폰번호와 인증번호를 입력하고 물품을 찾아가면 된다.",중형/02+소형/04,"02/03+04/09","02/55+04/55","02/45+04/45","02/45+04/30",2016-05-01,"1599-2740",2022-07-11,,37.7452550000,127.0568160000
경기도,고양시 일산동구,마두동,"41285105",생활편의형SOC,CVNTL,무인택배함,고양안심무인택배함(마두역),CVNTL_19_41285_00014,,경기도 고양시 일산동구 중앙로 1180 지하,경기도 고양시 일산동구 마두동 765-1,"4:00","3:00","4:00","3:00","4:00","3:00","48",24,1000,"1",택배 주문 시 택배함 주소로 주문 후 도착 시 인증번호 입력 후 찾기,대형/01+중형/02,"01/20+02/5","01/20+02/5","01/20+02/5","01/20+02/5",2019-06-01,"1899-4711",2022-07-11,,37.6523360000,126.7781900000
경기도,파주시,금촌동,"41480101",생활편의형SOC,CVNTL,무인택배함,금릉역,CVNTL_19_41480_00091,,경기도 파주시 금릉역로 85,경기도 파주시 금촌동 605-1,"0:00","23:59","0:00","23:59","0:00","23:59","48",24,1000,"2","물품 배송 시 휴대폰 문자로 전송되는 택배보관함번호, 인증번호를 확인하여, 해당 보관함에서 본인 휴대폰 번호와 전송받은 인증번호를 입력한 뒤 보관함을 열어 물품 수령",대형/01+중형/02+중소형/03,"01/1+02/6+03/14","01/55+02/55+03/55","01/45+02/45+03/45","01/60+02/45+03/33",2022-02-11,"1899-4711",2022-07-11,,37.7522280000,126.7650450000
경기도,파주시,야당동,"41480108",생활편의형SOC,CVNTL,무인택배함,운정역,CVNTL_19_41480_00088,,경기도 파주시 운정역길 368,경기도 파주시 야당동 299-4,"0:00","23:59","0:00","23:59","0:00","23:59","48",24,1000,"2","물품 배송 시 휴대폰 문자로 전송되는 택배보관함번호, 인증번호를 확인하여, 해당 보관함에서 본인 휴대폰 번호와 전송받은 인증번호를 입력한 뒤 보관함을 열어 물품 수령",대형/01+중형/02+중소형/03,"01/3+02/10+03/1","01/55+02/55+03/55","01/45+02/45+03/45","01/60+02/45+03/33",2019-12-06,"1899-4711",2022-07-11,,37.7254200000,126.7669100000
경기도,수원시 팔달구,화서동,"41115138",생활편의형SOC,CVNTL,무인택배함,화서1동 행정복지센터,CVNTL_19_41115_00065,,경기도 수원시 팔달구 동말로4번길 10,경기도 수원시 팔달구 화서동 184-357,"0:00","23:59","0:00","23:59","0:00","23:59","48",24,1000,"1","물품 배송 시 휴대폰 문자로 전송되는 택배보관함번호, 인증번호를 확인하여,해당 보관함에서 본인 휴대폰 번호와 전송받은 인증번호를 입력한 뒤 보관함을 열어 물품 수령",중형/02+중소형/03,"02/4+03/16","02/55+03/55","02/45+03/45","02/60+03/30",2017-01-01,"1899-4711",2022-07-11,,37.2764170000,126.9950400000
경기도,고양시 일산동구,백석동,"41285106",생활편의형SOC,CVNTL,무인택배함,고양안심무인택배함(백석1동7블럭경로당),CVNTL_19_41285_00018,,경기도 고양시 일산동구 강송로74번길 53-7,경기도 고양시 일산동구 백석동 1156,"4:00","3:00","4:00","3:00","4:00","3:00","48",24,1000,"1",택배 주문 시 택배함 주소로 주문 후 도착 시 인증번호 입력 후 찾기,대형/01+중형/02,"01/20+02/5","01/20+02/5","01/20+02/5","01/20+02/5",2020-06-01,"1899-4711",2022-07-11,,37.6486200000,126.7911000000
경기도,고양시 일산동구,백석동,"41285106",생활편의형SOC,CVNTL,무인택배함,고양안심무인택배함(벨라시타),CVNTL_19_41285_00019,,경기도 고양시 일산동구 강송로 33,경기도 고양시 일산동구 백석동 1237,"4:00","1:00","4:00","1:00","4:00","1:00","48",24,1000,"1",택배 주문 시 택배함 주소로 주문 후 도착 시 인증번호 입력 후 찾기,대형/01+중형/02,"01/20+02/5","01/20+02/5","01/20+02/5","01/20+02/5",2017-11-01,"1899-4711",2022-07-11,,37.6426470000,126.7930150000
경기도,고양시 덕양구,삼송동,"41281111",생활편의형SOC,CVNTL,무인택배함,고양안심무인택배함(삼송역),CVNTL_19_41281_00007,,경기도 고양시 덕양구 삼송로 194 지하,경기도 고양시 덕양구 삼송동 18-5,"4:00","2:00","4:00","2:00","4:00","2:00","48",24,1000,"1",택배 주문 시 택배함 주소로 주문 후 도착 시 인증번호 입력 후 찾기,대형/01+중형/02,"01/20+02/5","01/20+02/5","01/20+02/5","01/20+02/5",2017-03-01,"1899-4711",2022-07-11,,37.6532500000,126.8957400000
경기도,고양시 일산동구,백석동,"41285106",생활편의형SOC,CVNTL,무인택배함,고양안심무인택배함(고양종합터미널),CVNTL_19_41285_00020,,경기도 고양시 일산동구 중앙로 1036,경기도 고양시 일산동구 백석동 1242,"4:00","3:00","4:00","3:00","4:00","3:00","48",24,1000,"1",택배 주문 시 택배함 주소로 주문 후 도착 시 인증번호 입력 후 찾기,대형/01+중형/02,"01/20+02/5","01/20+02/5","01/20+02/5","01/20+02/5",2020-08-14,"1899-4711",2022-07-11,,37.6431800000,126.7896600000
경기도,고양시 일산서구,일산동,"41287101",생활편의형SOC,CVNTL,무인택배함,고양안심무인택배함(행신역),CVNTL_19_41287_00025,,"",경기도 고양시 일산서구 일산동 2138,"4:00","3:00","4:00","3:00","4:00","3:00","48",24,1000,"1",택배 주문 시 택배함 주소로 주문 후 도착 시 인증번호 입력 후 찾기,대형/01+중형/02,"01/20+02/5","01/20+02/5","01/20+02/5","01/20+02/5",2021-05-01,"1899-4711",2022-07-11,,37.6917840000,126.7759100000
경기도,평택시,용이동,"41220124",생활편의형SOC,CVNTL,무인택배함,평택대학교 정문 자전거 보관대 옆,CVNTL_19_41220_00099,,경기도 평택시 서동대로 3825,경기도 평택시 용이동 111,"0:00","24:00:00","0:00","24:00:00","0:00","24:00:00","48",48,1000,"2","물품 배송 시 휴대폰 문자로 전송되는 택배보관함번호, 인증번호를 확인하여 해당 보관함에서 본인 휴대폰 번호와 전송받은 인증번호를 입력한 뒤 보관함을 열어 물품 수령",중소형/03,"03월 10일","03/60","03/120","03/305",2018-08-21,"1600-5136",2022-07-11,,36.9951360000,127.1329650000
경기도,광명시,하안동,"41210103",생활편의형SOC,CVNTL,무인택배함,안현경로당,CVNTL_19_41210_00028,,경기도 광명시 안재로16번길 10,경기도 광명시 하안동 597,"0:00","24:00:00","0:00","24:00:00","0:00","24:00:00","48",24,1000,"1","(이용자)택배수령지를 보관함 설치장소로 신청, (택배업체)이용자의 휴대폰번호 입력 후 물품보관, (종합관제센터)이용자의 휴대폰으로 택배도착문자 및 인증번호 발송, (이용자)발송된 인증번호 입력 후 물품 수령",대형/01+중형/02+소형/04,"01/01+02/03+04/11","01/60+02/60+04/60","01/50+02/50+04/50","01/67+02/45+04/22",2016-08-01,"1599-2740",2022-07-11,,37.4600940000,126.8724700000
경기도,고양시 일산동구,마두동,"41285105",생활편의형SOC,CVNTL,무인택배함,고양안심무인택배함(정발산역),CVNTL_19_41285_00013,,경기도 고양시 일산동구 중앙로 지하 1270,경기도 고양시 일산동구 마두동 1123,"4:00","3:00","4:00","3:00","4:00","3:00","48",24,1000,"1",택배 주문 시 택배함 주소로 주문 후 도착 시 인증번호 입력 후 찾기,대형/01+중형/02,"01/20+02/5","01/20+02/5","01/20+02/5","01/20+02/5",2017-09-05,"1899-4711",2022-07-11,,37.6596570000,126.7734700000
경기도,광명시,소하동,"41210104",생활편의형SOC,CVNTL,무인택배함,여성비전센터,CVNTL_19_41210_00029,,경기도 광명시 오리로366번길 6,경기도 광명시 소하동 1267,"0:00","24:00:00","0:00","24:00:00","0:00","24:00:00","48",24,1000,"1","(이용자)택배수령지를 보관함 설치장소로 신청, (택배업체)이용자의 휴대폰번호 입력 후 물품보관, (종합관제센터)이용자의 휴대폰으로 택배도착문자 및 인증번호 발송, (이용자)발송된 인증번호 입력 후 물품 수령",대형/01+중형/02+소형/04,"01/01+02/03+04/11","01/60+02/60+04/60","01/50+02/50+04/50","01/67+02/45+04/22",2017-07-01,"1599-2740",2022-07-11,,37.4347720000,126.8801400000
경기도,의정부시,용현동,"41150105",생활편의형SOC,CVNTL,무인택배함,의정부경전철 송산역,CVNTL_19_41150_00083,,경기도 의정부시 충의로 59,경기도 의정부시 용현동 558,"0:00","23:59","0:00","23:59","0:00","23:59","48",24,1000,"1","택배기사에 의해 물품이 보관함으로 배송되면 배송일시와 인증번호가 수령자의 휴대폰으로 전송되며, 택배도착 알림문자(인증번호)를 받은 시민은 보관함에 휴대폰번호와 인증번호를 입력하고 물품을 찾아가면 된다.",대형/01+중형/02+소형/04,"01/01+02/03+04/15","01/55+02/55+04/55","01/45+02/45+04/45","01/80+02/45+04/30",2016-05-01,"1599-2740",2022-07-11,,37.7372600000,127.0872040000
경기도,안산시 상록구,사동,"41271103",생활편의형SOC,CVNTL,무인택배함,해양동주민자치센터,CVNTL_19_41271_00073,,경기도 안산시 상록구 한양대학로 31,경기도 안산시 상록구 사동 1171,"0:00","23:59","0:00","23:59","0:00","23:59","48",24,500,"1",택배 주문 시 무인택배함 설치주소로 물품수령장소 지정-택배업체에서 무인택배함에 물품 보관 후 수취인 연락처 입력후 물품보관-수취인에게 택배도착 문자 및 인증번호 전송-수취인 인증 후 물품 수령,대형/01+중형/02+중소형/03+소형/04,"01/1+02/12+03/1+04/6","01/60+02/60+03/60+04/60","01/50+02/50+03/50+04/50","01/90+02/30+03/60+04/20",2018-05-01,"1577-1545",2022-07-11,,37.3009000000,126.8403100000
경기도,광명시,광명동,"41210101",생활편의형SOC,CVNTL,무인택배함,광명전통시장 공영주차장,CVNTL_19_41210_00030,,경기도 광명시 광명로 938,경기도 광명시 광명동 102-4,"0:00","24:00:00","0:00","24:00:00","0:00","24:00:00","48",24,1000,"1","(이용자)택배수령지를 보관함 설치장소로 신청, (택배업체)이용자의 휴대폰번호 입력 후 물품보관, (종합관제센터)이용자의 휴대폰으로 택배도착문자 및 인증번호 발송, (이용자)발송된 인증번호 입력 후 물품 수령",대형/01+중형/02+소형/04,"01/01+02/03+04/11","01/60+02/60+04/60","01/50+02/50+04/50","01/67+02/45+04/22",2018-12-01,"1599-2740",2022-07-11,,37.4823270000,126.8561100000
경기도,광명시,광명동,"41210101",생활편의형SOC,CVNTL,무인택배함,광명종합사회복지관,CVNTL_19_41210_00031,,경기도 광명시 오리로 1018,경기도 광명시 광명동 158-970,"0:00","24:00:00","0:00","24:00:00","0:00","24:00:00","48",24,1000,"1","(이용자)택배수령지를 보관함 설치장소로 신청, (택배업체)이용자의 휴대폰번호 입력 후 물품보관, (종합관제센터)이용자의 휴대폰으로 택배도착문자 및 인증번호 발송, (이용자)발송된 인증번호 입력 후 물품 수령",대형/01+중형/02+소형/04,"01/01+02/03+04/11","01/60+02/60+04/60","01/50+02/50+04/50","01/67+02/45+04/22",2018-12-01,"1599-2740",2022-07-11,,37.4808920000,126.8504600000
경기도,광명시,철산동,"41210102",생활편의형SOC,CVNTL,무인택배함,국민체육센터,CVNTL_19_41210_00032,,경기도 광명시 사성로 74,경기도 광명시 철산동 63,"0:00","24:00:00","0:00","24:00:00","0:00","24:00:00","48",24,1000,"1","(이용자)택배수령지를 보관함 설치장소로 신청, (택배업체)이용자의 휴대폰번호 입력 후 물품보관, (종합관제센터)이용자의 휴대폰으로 택배도착문자 및 인증번호 발송, (이용자)발송된 인증번호 입력 후 물품 수령",대형/01+중형/02+소형/04,"01/01+02/03+04/11","01/60+02/60+04/60","01/50+02/50+04/50","01/67+02/45+04/22",2016-08-01,"1599-2740",2022-07-11,,37.4868050000,126.8656600000
경기도,평택시,팽성읍,"41220250",생활편의형SOC,CVNTL,무인택배함,팽성읍 행정복지센터,CVNTL_19_41220_00093,,경기도 평택시 팽성읍 동서촌로 89,경기도 평택시 팽성읍 객사리 170-2,"0:00","24:00:00","0:00","24:00:00","0:00","24:00:00","48",48,1000,"2","물품 배송 시 휴대폰 문자로 전송되는 택배보관함번호, 인증번호를 확인하여 해당 보관함에서 본인 휴대폰 번호와 전송받은 인증번호를 입력한 뒤 보관함을 열어 물품 수령",중소형/03,"03월 10일","03/60","03/120","03/305",2020-08-01,"1600-5136",2022-07-11,,36.9651950000,127.0623300000
경기도,평택시,서정동,"41220101",생활편의형SOC,CVNTL,무인택배함,서정 작은 도서관,CVNTL_19_41220_00094,,경기도 평택시 서정로 202,경기도 평택시 서정동 876-4,"0:00","24:00:00","0:00","24:00:00","0:00","24:00:00","48",48,1000,"2","물품 배송 시 휴대폰 문자로 전송되는 택배보관함번호, 인증번호를 확인하여 해당 보관함에서 본인 휴대폰 번호와 전송받은 인증번호를 입력한 뒤 보관함을 열어 물품 수령",중소형/03,"03월 10일","03/60","03/120","03/305",2019-08-20,"1600-5136",2022-07-11,,37.0662040000,127.0557300000
경기도,평택시,서정동,"41220101",생활편의형SOC,CVNTL,무인택배함,송탄출장소 자전거 보관대 옆,CVNTL_19_41220_00095,,경기도 평택시 경기대로 1366,경기도 평택시 서정동 800,"0:00","24:00:00","0:00","24:00:00","0:00","24:00:00","48",48,1000,"2","물품 배송 시 휴대폰 문자로 전송되는 택배보관함번호, 인증번호를 확인하여 해당 보관함에서 본인 휴대폰 번호와 전송받은 인증번호를 입력한 뒤 보관함을 열어 물품 수령",대형/01,"01월 21일","01/60","01/215","01/230",2018-08-21,"1600-5136",2022-07-11,,37.0666400000,127.0651500000
경기도,평택시,포승읍,"41220256",생활편의형SOC,CVNTL,무인택배함,포승 작은 도서관,CVNTL_19_41220_00096,,경기도 평택시 포승읍 여술로 47,경기도 평택시 포승읍 도곡리 1110,"0:00","24:00:00","0:00","24:00:00","0:00","24:00:00","48",48,1000,"2","물품 배송 시 휴대폰 문자로 전송되는 택배보관함번호, 인증번호를 확인하여 해당 보관함에서 본인 휴대폰 번호와 전송받은 인증번호를 입력한 뒤 보관함을 열어 물품 수령",대형/01,"01월 21일","01/60","01/215","01/230",2018-08-21,"1600-5136",2022-07-11,,36.9895170000,126.8474600000
경기도,안산시 상록구,건건동,"41271111",생활편의형SOC,CVNTL,무인택배함,반월동행정복지센터,CVNTL_19_41271_00074,,경기도 안산시 상록구 건건로 51,경기도 안산시 상록구 건건동 641-2,"0:00","23:59","0:00","23:59","0:00","23:59","48",24,500,"1",택배 주문 시 무인택배함 설치주소로 물품수령장소 지정-택배업체에서 무인택배함에 물품 보관 후 수취인 연락처 입력후 물품보관-수취인에게 택배도착 문자 및 인증번호 전송-수취인 인증 후 물품 수령,대형/01+중형/02+중소형/03+소형/04,"01/1+02/12+03/1+04/6","01/60+02/60+03/60+04/60","01/50+02/50+03/50+04/50","01/90+02/30+03/60+04/20",2018-05-01,"1577-1545",2022-07-11,,37.3058700000,126.9022600000
경기도,수원시 권선구,구운동,"41113132",생활편의형SOC,CVNTL,무인택배함,서호노인복지관,CVNTL_19_41113_00050,,경기도 수원시 권선구 구운로14번길 46,경기도 수원시 권선구 구운동 501,"0:00","23:59","0:00","23:59","0:00","23:59","48",24,1000,"1","물품 배송 시 휴대폰 문자로 전송되는 택배보관함번호, 인증번호를 확인하여,해당 보관함에서 본인 휴대폰 번호와 전송받은 인증번호를 입력한 뒤 보관함을 열어 물품 수령",중형/02+중소형/03,"02/4+03/16","02/55+03/55","02/45+03/45","02/60+03/30",2017-01-01,"1899-4711",2022-07-11,,37.2785720000,126.9753340000
경기도,고양시 일산동구,정발산동,"41285103",생활편의형SOC,CVNTL,무인택배함,고양안심무인택배함(경기도행복마을관리소),CVNTL_19_41285_00016,,경기도 고양시 일산동구 산두로 255-5,경기도 고양시 일산동구 정발산동 1120-4,"4:00","3:00","4:00","3:00","4:00","3:00","48",24,1000,"1",택배 주문 시 택배함 주소로 주문 후 도착 시 인증번호 입력 후 찾기,대형/01+중형/02,"01/20+02/5","01/20+02/5","01/20+02/5","01/20+02/5",2020-06-01,"1899-4711",2022-07-11,,37.6761100000,126.7771300000
경기도,평택시,동삭동,"41220119",생활편의형SOC,CVNTL,무인택배함,평택 법원 앞 버스정류소,CVNTL_19_41220_00097,,경기도 평택시 평남로 1050,경기도 평택시 동삭동 197-19,"0:00","24:00:00","0:00","24:00:00","0:00","24:00:00","48",48,1000,"2","물품 배송 시 휴대폰 문자로 전송되는 택배보관함번호, 인증번호를 확인하여 해당 보관함에서 본인 휴대폰 번호와 전송받은 인증번호를 입력한 뒤 보관함을 열어 물품 수령",중소형/03,"03월 10일","03/60","03/120","03/305",2019-08-20,"1600-5136",2022-07-11,,37.0098600000,127.0946200000
경기도,고양시 덕양구,토당동,"41281120",생활편의형SOC,CVNTL,무인택배함,고양안심무인택배함(능곡역),CVNTL_19_41281_00004,,경기도 고양시 덕양구 토당로 35,경기도 고양시 덕양구 토당동 454-3,"4:00","3:00","4:00","3:00","4:00","3:00","48",24,1000,"1",택배 주문 시 택배함 주소로 주문 후 도착 시 인증번호 입력 후 찾기,대형/01+중형/02,"01/20+02/5","01/20+02/5","01/20+02/5","01/20+02/5",2019-09-01,"1899-4711",2022-07-11,,37.6189540000,126.8208800000
경기도,고양시 덕양구,행신동,"41281128",생활편의형SOC,CVNTL,무인택배함,고양안심무인택배함(여성회관),CVNTL_19_41281_00005,,경기도 고양시 덕양구 용현로 48,경기도 고양시 덕양구 행신동 774,"4:00","3:00","4:00","3:00","4:00","3:00","48",24,1000,"1",택배 주문 시 택배함 주소로 주문 후 도착 시 인증번호 입력 후 찾기,대형/01+중형/02,"01/20+02/5","01/20+02/5","01/20+02/5","01/20+02/5",2020-06-01,"1899-4711",2022-07-11,,37.6172600000,126.8362050000
경기도,고양시 덕양구,행신동,"41281128",생활편의형SOC,CVNTL,무인택배함,고양안심무인택배함(행신역),CVNTL_19_41281_00006,,경기도 고양시 덕양구 행당로33번길 25-6,경기도 고양시 덕양구 행신동 634-87,"4:00","3:00","4:00","3:00","4:00","3:00","48",24,1000,"1",택배 주문 시 택배함 주소로 주문 후 도착 시 인증번호 입력 후 찾기,대형/01+중형/02,"01/20+02/5","01/20+02/5","01/20+02/5","01/20+02/5",2021-05-01,"1899-4711",2022-07-11,,37.6213900000,126.8285140000
경기도,성남시 수정구,신흥동,"41131101",생활편의형SOC,CVNTL,무인택배함,신흥3동 행정복지센터,CVNTL_19_41131_00035,,경기도 성남시 수정구 공원로349번길 8,경기도 성남시 수정구 신흥동 2819,"0:00","23:59","0:00","23:59","0:00","23:59","48",24,500,"1",물품 배송 시 휴대폰 문자로 전송되는 택배보관함번호 인증번호를 확인하여 해당 보관함에서 본인 휴대폰 번호와 전송받은 인증번호를 입력한 뒤 보관함을 열어 물품 수령,대형/01+소형/03+초소형/04,"01/1+03/8+04/6","01/60+03/60+04/60","01/50+03/50+04/50","01/90+03/30+04/20",2014-06-01,"1577-1545",2022-07-11,,37.4434930000,127.1488100000
경기도,고양시 일산동구,식사동,"41285101",생활편의형SOC,CVNTL,무인택배함,고양안심무인택배함(식사도서관),CVNTL_19_41285_00017,,경기도 고양시 일산동구 위시티2로 43-6,경기도 고양시 일산동구 식사동 1234-1,"4:00","3:00","4:00","3:00","4:00","3:00","48",24,1000,"1",택배 주문 시 택배함 주소로 주문 후 도착 시 인증번호 입력 후 찾기,대형/01+중형/02,"01/20+02/5","01/20+02/5","01/20+02/5","01/20+02/5",2020-06-01,"1899-4711",2022-07-11,,37.6760830000,126.8159260000
경기도,수원시 장안구,정자동,"41111130",생활편의형SOC,CVNTL,무인택배함,정자1동 행정복지센터,CVNTL_19_41111_00056,,경기도 수원시 장안구 정자로130번길 20,경기도 수원시 장안구 정자동 840-96,"0:00","23:59","0:00","23:59","0:00","23:59","48",24,1000,"1","물품 배송 시 휴대폰 문자로 전송되는 택배보관함번호, 인증번호를 확인하여,해당 보관함에서 본인 휴대폰 번호와 전송받은 인증번호를 입력한 뒤 보관함을 열어 물품 수령",중형/02+중소형/03,"02/4+03/16","02/55+03/55","02/45+03/45","02/60+03/30",2017-01-01,"1899-4711",2022-07-11,,37.3021800000,126.9909000000
경기도,수원시 장안구,송죽동,"41111135",생활편의형SOC,CVNTL,무인택배함,송죽동 주민행복쉼터,CVNTL_19_41111_00057,,경기도 수원시 장안구 정조로1041번길 12-3,경기도 수원시 장안구 송죽동 378-7,"0:00","23:59","0:00","23:59","0:00","23:59","48",24,1000,"1","물품 배송 시 휴대폰 문자로 전송되는 택배보관함번호, 인증번호를 확인하여,해당 보관함에서 본인 휴대폰 번호와 전송받은 인증번호를 입력한 뒤 보관함을 열어 물품 수령",중형/02+중소형/03,"02/3+03/10","02/55+03/55","02/45+03/45","02/60+03/30",2019-10-01,"1899-4711",2022-07-11,,37.2985900000,127.0057200000
경기도,안산시 단원구,선부동,"41273109",생활편의형SOC,CVNTL,무인택배함,선부2동 행정복지센터,CVNTL_19_41273_00066,,경기도 안산시 단원구 지곡로 46,경기도 안산시 단원구 선부동 997-2,"0:00","23:59","0:00","23:59","0:00","23:59","48",24,500,"1",택배 주문 시 무인택배함 설치주소로 물품수령장소 지정-택배업체에서 무인택배함에 물품 보관 후 수취인 연락처 입력후 물품보관-수취인에게 택배도착 문자 및 인증번호 전송-수취인 인증 후 물품 수령,대형/01+중형/02+중소형/03+소형/04,"01/1+02/12+03/1+04/6","01/60+02/60+03/60+04/60","01/50+02/50+03/50+04/50","01/90+02/30+03/60+04/20",2017-04-19,"1577-1545",2022-07-11,,37.3385240000,126.8027800000
경기도,안산시 단원구,선부동,"41273109",생활편의형SOC,CVNTL,무인택배함,선부석수경로당,CVNTL_19_41273_00067,,경기도 안산시 단원구 북촌2길 17,경기도 안산시 단원구 선부동 1025,"0:00","23:59","0:00","23:59","0:00","23:59","48",24,500,"1",택배 주문 시 무인택배함 설치주소로 물품수령장소 지정-택배업체에서 무인택배함에 물품 보관 후 수취인 연락처 입력후 물품보관-수취인에게 택배도착 문자 및 인증번호 전송-수취인 인증 후 물품 수령,대형/01+중형/02+소형/03+메인중형/04+메인중형/05,"01/3+02/3+03/15+04/1+05/2","01/60+02/60+03/55+03/55+04/55+05/55","01/50+02/50+03/40+04/40+05/40","01/90+02/30+03/18+04/18+05/30",2019-10-23,"1577-1545",2022-07-11,,37.3433380000,126.8050200000
경기도,안산시 단원구,원곡동,"41273108",생활편의형SOC,CVNTL,무인택배함,다문화안전경찰센터,CVNTL_19_41273_00068,,경기도 안산시 단원구 다문화2길 51,경기도 안산시 단원구 원곡동 796-11,"0:00","23:59","0:00","23:59","0:00","23:59","48",24,500,"1",택배 주문 시 무인택배함 설치주소로 물품수령장소 지정-택배업체에서 무인택배함에 물품 보관 후 수취인 연락처 입력후 물품보관-수취인에게 택배도착 문자 및 인증번호 전송-수취인 인증 후 물품 수령,대형/01+중형/02+소형/03+메인중형/04+메인중형/05,"01/3+02/3+03/15+04/1+05/2","01/60+02/60+03/55+03/55+04/55+05/55","01/50+02/50+03/40+04/40+05/40","01/90+02/30+03/18+04/18+05/30",2019-10-23,"1577-1545",2022-07-11,,37.3288150000,126.7900700000
경기도,안산시 단원구,원곡동,"41273108",생활편의형SOC,CVNTL,무인택배함,백운동행정복지센터,CVNTL_19_41273_00069,,경기도 안산시 단원구 원선로 31,경기도 안산시 단원구 원곡동 821-1,"0:00","23:59","0:00","23:59","0:00","23:59","48",24,500,"1",택배 주문 시 무인택배함 설치주소로 물품수령장소 지정-택배업체에서 무인택배함에 물품 보관 후 수취인 연락처 입력후 물품보관-수취인에게 택배도착 문자 및 인증번호 전송-수취인 인증 후 물품 수령,대형/01+중형/02+중소형/03+소형/04,"01/1+02/12+03/1+04/6","01/60+02/60+03/60+04/60","01/50+02/50+03/50+04/50","01/90+02/30+03/60+04/20",2021-10-12,"1577-1545",2022-07-11,,37.3280830000,126.7970500000
경기도,고양시 일산서구,대화동,"41287104",생활편의형SOC,CVNTL,무인택배함,고양안심무인택배함(대화도서관),CVNTL_19_41287_00024,,경기도 고양시 일산서구 일산로 689,경기도 고양시 일산서구 대화동 2103,"4:00","3:00","4:00","3:00","4:00","3:00","48",24,1000,"1",택배 주문 시 택배함 주소로 주문 후 도착 시 인증번호 입력 후 찾기,대형/01+중형/02,"01/20+02/5","01/20+02/5","01/20+02/5","01/20+02/5",2020-06-01,"1899-4711",2022-07-11,,37.6810230000,126.7539400000
경기도,안산시 상록구,이동,"41271102",생활편의형SOC,CVNTL,무인택배함,이동행정복지센터,CVNTL_19_41271_00075,,경기도 안산시 상록구 이동로 46,경기도 안산시 상록구 이동 578-12,"0:00","23:59","0:00","23:59","0:00","23:59","48",24,500,"1",택배 주문 시 무인택배함 설치주소로 물품수령장소 지정-택배업체에서 무인택배함에 물품 보관 후 수취인 연락처 입력후 물품보관-수취인에게 택배도착 문자 및 인증번호 전송-수취인 인증 후 물품 수령,대형/01+중형/02+중소형/03+소형/04,"01/1+02/12+03/1+04/6","01/60+02/60+03/60+04/60","01/50+02/50+03/50+04/50","01/90+02/30+03/60+04/20",2018-05-01,"1577-1545",2022-07-11,,37.3053860000,126.8607560000
경기도,구리시,수택동,"41310105",생활편의형SOC,CVNTL,무인택배함,여성안심무인택배보관함 (구리시여울목공원),CVNTL_19_41310_00033,,경기도 구리시 검배로9번길 21,경기도 구리시 수택동 526-2,"0:00","23:59","0:00","23:59","0:00","23:59","48",24,1000,"2","물품 배송 시 휴대폰 문자로 전송되는 택배보관함번호, 인증번호를 확인하여, 해당 보관함에서 본인 휴대폰 번호와 전송받은 인증번호를 입력한 뒤 보관함을 열어 물품 수령",대형/01+중형/02,"01/4+02/16","01/60+02/60","01/50+02/50","01/45+02/23",2017-12-11,"1899-4711",2022-07-11,,37.6009980000,127.1425860000
경기도,수원시 팔달구,교동,"41115132",생활편의형SOC,CVNTL,무인택배함,수원시가족여성회관,CVNTL_19_41115_00062,,경기도 수원시 팔달구 매산로 119,경기도 수원시 팔달구 교동 74-1,"0:00","23:59","0:00","23:59","0:00","23:59","48",24,1000,"1","물품 배송 시 휴대폰 문자로 전송되는 택배보관함번호, 인증번호를 확인하여,해당 보관함에서 본인 휴대폰 번호와 전송받은 인증번호를 입력한 뒤 보관함을 열어 물품 수령",중형/02+중소형/03,"02/2+03/8","02/55+03/55","02/45+03/45","02/60+03/30",2019-06-14,"1899-4711",2022-07-11,,37.2715950000,127.0133200000
경기도,수원시 권선구,세류동,"41113126",생활편의형SOC,CVNTL,무인택배함,버드내도서관,CVNTL_19_41113_00051,,경기도 수원시 권선구 세권로94번길 29,경기도 수원시 권선구 세류동 503-2,"0:00","23:59","0:00","23:59","0:00","23:59","48",24,1000,"1","물품 배송 시 휴대폰 문자로 전송되는 택배보관함번호, 인증번호를 확인하여,해당 보관함에서 본인 휴대폰 번호와 전송받은 인증번호를 입력한 뒤 보관함을 열어 물품 수령",중형/02+중소형/03,"02/3+03/12","02/55+03/55","02/45+03/45","02/60+03/30",2017-01-01,"1899-4711",2022-07-11,,37.2568200000,127.0147800000
경기도,평택시,비전동,"41220118",생활편의형SOC,CVNTL,무인택배함,비전2동 행복복지센터,CVNTL_19_41220_00098,,경기도 평택시 중앙로 261,경기도 평택시 비전동 849,"0:00","24:00:00","0:00","24:00:00","0:00","24:00:00","48",48,1000,"2","물품 배송 시 휴대폰 문자로 전송되는 택배보관함번호, 인증번호를 확인하여 해당 보관함에서 본인 휴대폰 번호와 전송받은 인증번호를 입력한 뒤 보관함을 열어 물품 수령",중소형/03,"03월 10일","03/60","03/120","03/305",2019-08-20,"1600-5136",2022-07-11,,36.9903500000,127.1118600000
경기도,안산시 단원구,와동,"41273102",생활편의형SOC,CVNTL,무인택배함,와동종합사회복지관,CVNTL_19_41273_00071,,경기도 안산시 단원구 와동로 118,경기도 안산시 단원구 와동 111-4,"0:00","23:59","0:00","23:59","0:00","23:59","48",24,500,"1",택배 주문 시 무인택배함 설치주소로 물품수령장소 지정-택배업체에서 무인택배함에 물품 보관 후 수취인 연락처 입력후 물품보관-수취인에게 택배도착 문자 및 인증번호 전송-수취인 인증 후 물품 수령,대형/01+중형/02+중소형/03+소형/04,"01/1+02/12+03/1+04/6","01/60+02/60+03/60+04/60","01/50+02/50+03/50+04/50","01/90+02/30+03/60+04/20",2017-04-19,"1577-1545",2022-07-11,,37.3405950000,126.8272600000
경기도,수원시 권선구,권선동,"41113137",생활편의형SOC,CVNTL,무인택배함,권선1동 행정복지센터,CVNTL_19_41113_00052,,경기도 수원시 권선구 경수대로352번길 29,경기도 수원시 권선구 권선동 1034-5,"0:00","23:59","0:00","23:59","0:00","23:59","48",24,1000,"1","물품 배송 시 휴대폰 문자로 전송되는 택배보관함번호, 인증번호를 확인하여,해당 보관함에서 본인 휴대폰 번호와 전송받은 인증번호를 입력한 뒤 보관함을 열어 물품 수령",중형/02+중소형/03,"02/4+03/16","02/55+03/55","02/45+03/45","02/60+03/30",2017-01-01,"1899-4711",2022-07-11,,37.2576800000,127.0245700000
경기도,성남시 중원구,하대원동,"41133109",생활편의형SOC,CVNTL,무인택배함,하대원동 행정복지센터,CVNTL_19_41133_00045,,경기도 성남시 중원구 둔촌대로 252,경기도 성남시 중원구 하대원동 145-1,"0:00","23:59","0:00","23:59","0:00","23:59","48",24,500,"1",물품 배송 시 휴대폰 문자로 전송되는 택배보관함번호 인증번호를 확인하여 해당 보관함에서 본인 휴대폰 번호와 전송받은 인증번호를 입력한 뒤 보관함을 열어 물품 수령,중형/02+소형/03+초소형/04,"02/2+03/13+04/6","02/60+03/60+04/60","02/50+03/50+04/50","02/60+03/30+04/20",2018-02-01,"1577-1545",2022-07-11,,37.4282460000,127.1463850000
경기도,성남시 중원구,금광동,"41133103",생활편의형SOC,CVNTL,무인택배함,금광2동 행정복지센터,CVNTL_19_41133_00046,,경기도 성남시 중원구 광명로 345,경기도 성남시 중원구 금광동 3657,"0:00","23:59","0:00","23:59","0:00","23:59","48",24,500,"1",물품 배송 시 휴대폰 문자로 전송되는 택배보관함번호 인증번호를 확인하여 해당 보관함에서 본인 휴대폰 번호와 전송받은 인증번호를 입력한 뒤 보관함을 열어 물품 수령,대형/01+중형/02+초소형/04,"01/1+02/1+04/10","01/60+02/60+04/60","01/50+02/50+04/50","01/90+02/60+04/20",2014-06-01,"1577-1545",2022-07-11,,37.4461800000,127.1640000000
경기도,수원시 장안구,율전동,"41111132",생활편의형SOC,CVNTL,무인택배함,율천동 행정복지센터,CVNTL_19_41111_00058,,경기도 수원시 장안구 서부로2106번길 27,경기도 수원시 장안구 율전동 433-2,"0:00","23:59","0:00","23:59","0:00","23:59","48",24,1000,"1","물품 배송 시 휴대폰 문자로 전송되는 택배보관함번호, 인증번호를 확인하여,해당 보관함에서 본인 휴대폰 번호와 전송받은 인증번호를 입력한 뒤 보관함을 열어 물품 수령",중형/02+중소형/03,"02/4+03/16","02/55+03/55","02/45+03/45","02/60+03/30",2017-01-01,"1899-4711",2022-07-11,,37.2975500000,126.9714100000
경기도,수원시 장안구,파장동,"41111129",생활편의형SOC,CVNTL,무인택배함,파장동 행정복지센터,CVNTL_19_41111_00059,,경기도 수원시 장안구 파장천로 60,경기도 수원시 장안구 파장동 381,"0:00","23:59","0:00","23:59","0:00","23:59","48",24,1000,"1","물품 배송 시 휴대폰 문자로 전송되는 택배보관함번호, 인증번호를 확인하여,해당 보관함에서 본인 휴대폰 번호와 전송받은 인증번호를 입력한 뒤 보관함을 열어 물품 수령",중형/02+중소형/03,"02/4+03/16","02/55+03/55","02/45+03/45","02/60+03/30",2017-01-01,"1899-4711",2022-07-11,,37.3101200000,126.9974200000
경기도,성남시 수정구,수진동,"41131103",생활편의형SOC,CVNTL,무인택배함,수진1동 행정복지센터,CVNTL_19_41131_00036,,경기도 성남시 수정구 탄리로 19,경기도 성남시 수정구 수진동 1967,"0:00","23:59","0:00","23:59","0:00","23:59","48",24,500,"1",물품 배송 시 휴대폰 문자로 전송되는 택배보관함번호 인증번호를 확인하여 해당 보관함에서 본인 휴대폰 번호와 전송받은 인증번호를 입력한 뒤 보관함을 열어 물품 수령,대형/01+중형/02+초소형/04,"01/1+02/1+04/10","01/60+02/60+04/60","01/50+02/50+04/50","01/90+02/60+04/20",2016-02-01,"1577-1545",2022-07-11,,37.4385760000,127.1390100000
경기도,성남시 수정구,수진동,"41131103",생활편의형SOC,CVNTL,무인택배함,수진2동 행정복지센터,CVNTL_19_41131_00037,,경기도 성남시 수정구 성남대로 1204,경기도 성남시 수정구 수진동 3988,"0:00","23:59","0:00","23:59","0:00","23:59","48",24,500,"1",물품 배송 시 휴대폰 문자로 전송되는 택배보관함번호 인증번호를 확인하여 해당 보관함에서 본인 휴대폰 번호와 전송받은 인증번호를 입력한 뒤 보관함을 열어 물품 수령,중형/02+소형/03+초소형/04,"02/2+03/13+04/6","02/60+03/60+04/60","02/50+03/50+04/50","02/60+03/30+04/20",2018-02-01,"1577-1545",2022-07-11,,37.4373630000,127.1287300000
경기도,성남시 중원구,은행동,"41133104",생활편의형SOC,CVNTL,무인택배함,은행2동 행정복지센터,CVNTL_19_41133_00047,,경기도 성남시 중원구 은이로 21,경기도 성남시 중원구 은행동 1032,"0:00","23:59","0:00","23:59","0:00","23:59","48",24,500,"1",물품 배송 시 휴대폰 문자로 전송되는 택배보관함번호 인증번호를 확인하여 해당 보관함에서 본인 휴대폰 번호와 전송받은 인증번호를 입력한 뒤 보관함을 열어 물품 수령,중형/02+소형/03+초소형/04,"02/1+03/9+04/6","02/60+03/60+04/60","02/50+03/50+04/50","02/60+03/30+04/20",2014-06-01,"1577-1545",2022-07-11,,37.4571000000,127.1665600000
경기도,양주시,고암동,"41630115",생활편의형SOC,CVNTL,무인택배함,엄상1·2통 마을회관,CVNTL_19_41630_00076,,경기도 양주시 엄상동길 38,경기도 양주시 고암동 140-8,"0:00","23:59","0:00","23:59","0:00","23:59","48",24,1000,"1","물품 배송시 휴대폰 문자로 전송되는 택배보관함 번호, 인증번호를 확인하여 해당 보관함에서 본인 휴대폰 번호와 전송받은 인증번호를 입력한 뒤 보관함을 열어 물품 수령",대형/01+중형/02+소형/03+제어부/04+구급함/05,"01/1+02/5+03/15+04/1+05/1","01/60+02/60+03/60+04/60+05/60","01/50+02/50+03/50+04/50+05/50","01/67.5+02/45+03/22.5+04/50+05/50",2018-09-07,"1600-5136",2022-07-11,,37.8313940000,127.0682700000
경기도,양주시,덕계동,"41630116",생활편의형SOC,CVNTL,무인택배함,회천2동행정복지센터,CVNTL_19_41630_00077,,경기도 양주시 평화로1475번길 39,경기도 양주시 덕계동 467-8,"0:00","23:59","0:00","23:59","0:00","23:59","48",24,1000,"1","물품 배송시 휴대폰 문자로 전송되는 택배보관함 번호, 인증번호를 확인하여 해당 보관함에서 본인 휴대폰 번호와 전송받은 인증번호를 입력한 뒤 보관함을 열어 물품 수령",대형/01+중형/02+소형/03+제어부/04+구급함/05,"01/1+02/5+03/15+04/1+05/1","01/60+02/60+03/60+04/60+05/60","01/50+02/50+03/50+04/50+05/50","01/67.5+02/45+03/22.5+04/50+05/50",2018-09-07,"1600-5136",2022-07-11,,37.8216700000,127.0467700000
경기도,수원시 팔달구,지동,"41115139",생활편의형SOC,CVNTL,무인택배함,지동 행정복지센터,CVNTL_19_41115_00063,,경기도 수원시 팔달구 세지로 339,경기도 수원시 팔달구 지동 143-1,"0:00","23:59","0:00","23:59","0:00","23:59","48",24,1000,"1","물품 배송 시 휴대폰 문자로 전송되는 택배보관함번호, 인증번호를 확인하여,해당 보관함에서 본인 휴대폰 번호와 전송받은 인증번호를 입력한 뒤 보관함을 열어 물품 수령",중형/02+중소형/03,"02/4+03/16","02/55+03/55","02/45+03/45","02/60+03/30",2017-01-01,"1899-4711",2022-07-11,,37.2814500000,127.0245740000
경기도,수원시 권선구,곡반정동,"41113136",생활편의형SOC,CVNTL,무인택배함,곡선동 행정복지센터,CVNTL_19_41113_00053,,경기도 수원시 권선구 동수원로146번길 174,경기도 수원시 권선구 곡반정동 525,"0:00","23:59","0:00","23:59","0:00","23:59","48",24,1000,"1","물품 배송 시 휴대폰 문자로 전송되는 택배보관함번호, 인증번호를 확인하여,해당 보관함에서 본인 휴대폰 번호와 전송받은 인증번호를 입력한 뒤 보관함을 열어 물품 수령",중형/02+중소형/03,"02/3+03/12","02/55+03/55","02/45+03/45","02/60+03/30",2017-01-01,"1899-4711",2022-07-11,,37.2432600000,127.0332950000
경기도,성남시 수정구,태평동,"41131102",생활편의형SOC,CVNTL,무인택배함,태평1동 행정복지센터,CVNTL_19_41131_00038,,경기도 성남시 수정구 모란로 88,경기도 성남시 수정구 태평동 6932,"0:00","23:59","0:00","23:59","0:00","23:59","48",24,500,"1",물품 배송 시 휴대폰 문자로 전송되는 택배보관함번호 인증번호를 확인하여 해당 보관함에서 본인 휴대폰 번호와 전송받은 인증번호를 입력한 뒤 보관함을 열어 물품 수령,중형/02+소형/03+초소형/04,"02/2+03/13+04/6","02/60+03/60+04/60","02/50+03/50+04/50","02/60+03/30+04/20",2014-06-01,"1577-1545",2022-07-11,,37.4407580000,127.1261400000
경기도,성남시 수정구,태평동,"41131102",생활편의형SOC,CVNTL,무인택배함,태평2동 행정복지센터,CVNTL_19_41131_00039,,경기도 성남시 수정구 남문로 108,경기도 성남시 수정구 태평동 3307-2,"0:00","23:59","0:00","23:59","0:00","23:59","48",24,500,"1",물품 배송 시 휴대폰 문자로 전송되는 택배보관함번호 인증번호를 확인하여 해당 보관함에서 본인 휴대폰 번호와 전송받은 인증번호를 입력한 뒤 보관함을 열어 물품 수령,중형/02+소형/03+초소형/04,"02/1+03/9+04/6","02/60+03/60+04/60","02/50+03/50+04/50","02/60+03/30+04/20",2013-10-01,"1577-1545",2022-07-11,,37.4471500000,127.1386950000
경기도,성남시 수정구,태평동,"41131102",생활편의형SOC,CVNTL,무인택배함,태평3동 행정복지센터,CVNTL_19_41131_00040,,경기도 성남시 수정구 남문로 54,경기도 성남시 수정구 태평동 3752-1,"0:00","23:59","0:00","23:59","0:00","23:59","48",24,500,"1",물품 배송 시 휴대폰 문자로 전송되는 택배보관함번호 인증번호를 확인하여 해당 보관함에서 본인 휴대폰 번호와 전송받은 인증번호를 입력한 뒤 보관함을 열어 물품 수령,중형/02+소형/03+초소형/04,"02/2+03/13+04/6","02/60+03/60+04/60","02/50+03/50+04/50","02/60+03/30+04/20",2014-06-01,"1577-1545",2022-07-11,,37.4454600000,127.1331560000
경기도,수원시 장안구,조원동,"41111136",생활편의형SOC,CVNTL,무인택배함,조원1동 행정복지센터,CVNTL_19_41111_00060,,경기도 수원시 장안구 금당로 56,경기도 수원시 장안구 조원동 735,"0:00","23:59","0:00","23:59","0:00","23:59","48",24,1000,"1","물품 배송 시 휴대폰 문자로 전송되는 택배보관함번호, 인증번호를 확인하여,해당 보관함에서 본인 휴대폰 번호와 전송받은 인증번호를 입력한 뒤 보관함을 열어 물품 수령",중형/02+중소형/03,"02/3+03/12","02/55+03/55","02/45+03/45","02/60+03/30",2017-01-01,"1899-4711",2022-07-11,,37.3018000000,127.0164950000
경기도,성남시 중원구,상대원동,"41133105",생활편의형SOC,CVNTL,무인택배함,상대원1동 행정복지센터,CVNTL_19_41133_00048,,경기도 성남시 중원구 둔촌대로 425,경기도 성남시 중원구 상대원동 1451,"0:00","23:59","0:00","23:59","0:00","23:59","48",24,500,"1",물품 배송 시 휴대폰 문자로 전송되는 택배보관함번호 인증번호를 확인하여 해당 보관함에서 본인 휴대폰 번호와 전송받은 인증번호를 입력한 뒤 보관함을 열어 물품 수령,대형/01+중형/02+초소형/04,"01/1+02/1+04/10","01/60+02/60+04/60","01/50+02/50+04/50","01/90+02/60+04/20",2014-06-01,"1577-1545",2022-07-11,,37.4331600000,127.1643500000
경기도,성남시 중원구,상대원동,"41133105",생활편의형SOC,CVNTL,무인택배함,상대원3동 행정복지센터,CVNTL_19_41133_00049,,경기도 성남시 중원구 박석로 78,경기도 성남시 중원구 상대원동 856,"0:00","23:59","0:00","23:59","0:00","23:59","48",24,500,"1",물품 배송 시 휴대폰 문자로 전송되는 택배보관함번호 인증번호를 확인하여 해당 보관함에서 본인 휴대폰 번호와 전송받은 인증번호를 입력한 뒤 보관함을 열어 물품 수령,대형/01+중형/02+초소형/04,"01/1+02/1+04/10","01/60+02/60+04/60","01/50+02/50+04/50","01/90+02/60+04/20",2014-06-01,"1577-1545",2022-07-11,,37.4396200000,127.1654500000
경기도,의정부시,호원동,"41150102",생활편의형SOC,CVNTL,무인택배함,의정부경전철 회룡역,CVNTL_19_41150_00085,,경기도 의정부시 평화로 363,경기도 의정부시 호원동 50-5,"0:00","23:59","0:00","23:59","0:00","23:59","48",24,1000,"1","택배기사에 의해 물품이 보관함으로 배송되면 배송일시와 인증번호가 수령자의 휴대폰으로 전송되며, 택배도착 알림문자(인증번호)를 받은 시민은 보관함에 휴대폰번호와 인증번호를 입력하고 물품을 찾아가면 된다.",대형/01+중형/02+소형/04,"01/01+02/05+04/39","01/55+02/55+04/55","01/45+02/45+04/45","01/80+02/45+04/30",2016-05-01,"1599-2740",2022-07-11,,37.7245900000,127.0471200000
경기도,성남시 수정구,단대동,"41131104",생활편의형SOC,CVNTL,무인택배함,단대동 논골작은도서관,CVNTL_19_41131_00041,,경기도 성남시 수정구 논골로23번길 2,경기도 성남시 수정구 단대동 59-4,"0:00","23:59","0:00","23:59","0:00","23:59","48",24,500,"1",물품 배송 시 휴대폰 문자로 전송되는 택배보관함번호 인증번호를 확인하여 해당 보관함에서 본인 휴대폰 번호와 전송받은 인증번호를 입력한 뒤 보관함을 열어 물품 수령,대형/01+중형/02+소형/03+초소형/04,"01/1+02/1+03/12+04/6","01/60+02/60+03/60+04/60","01/50+02/50+03/50+04/50","01/90+02/60+03/30+04/20",2016-02-01,"1577-1545",2022-07-11,,37.4561900000,127.1599660000
경기도,화성시,안녕동,"41590126",생활편의형SOC,CVNTL,무인택배함,여성안심택배함,CVNTL_19_41590_00102,,경기도 화성시 화산중앙로 16,경기도 화성시 안녕동 20-9,"0:00","24:00:00","0:00","24:00:00","0:00","24:00:00","48",48,500,"2","물품 배송 시 휴대폰 문자로 전송되는 택배보관함번호, 인증번호를 확인하여, 해당 보관함에서 본인 휴대폰 번호와 전송받은 인증번호를 입력한 뒤 보관함을 열어 물품 수령",대형/01+중형/02,"01/2+02/18","01/60+02/60","01/50+02/50","01/60+02/30",2016-02-29,"1577-1545",2022-07-11,,37.2060900000,127.0145500000
경기도,성남시 수정구,산성동,"41131105",생활편의형SOC,CVNTL,무인택배함,산성동 행정복지센터,CVNTL_19_41131_00042,,경기도 성남시 수정구 수정남로 261,경기도 성남시 수정구 산성동 2136,"0:00","23:59","0:00","23:59","0:00","23:59","48",24,500,"1",물품 배송 시 휴대폰 문자로 전송되는 택배보관함번호 인증번호를 확인하여 해당 보관함에서 본인 휴대폰 번호와 전송받은 인증번호를 입력한 뒤 보관함을 열어 물품 수령,대형/01+소형/03+초소형/04,"01/1+03/8+04/6","01/60+03/60+04/60","01/50+03/50+04/50","01/90+03/30+04/20",2014-06-01,"1577-1545",2022-07-11,,37.4521450000,127.1500300000
경기도,수원시 영통구,매탄동,"41117101",생활편의형SOC,CVNTL,무인택배함,매탄2동 행정복지센터,CVNTL_19_41117_00055,,경기도 수원시 영통구 매영로39번길 21,경기도 수원시 영통구 매탄동 198-99,"0:00","23:59","0:00","23:59","0:00","23:59","48",24,1000,"1","물품 배송 시 휴대폰 문자로 전송되는 택배보관함번호, 인증번호를 확인하여,해당 보관함에서 본인 휴대폰 번호와 전송받은 인증번호를 입력한 뒤 보관함을 열어 물품 수령",중형/02+중소형/03,"02/3+03/12","02/55+03/55","02/45+03/45","02/60+03/30",2017-01-01,"1899-4711",2022-07-11,,37.2701450000,127.0474400000
경기도,의정부시,가능동,"41150110",생활편의형SOC,CVNTL,무인택배함,가능동주민센터(후문),CVNTL_19_41150_00086,,경기도 의정부시 신촌로 35,경기도 의정부시 가능동 617-8,"0:00","23:59","0:00","23:59","0:00","23:59","48",24,1000,"1","택배기사에 의해 물품이 보관함으로 배송되면 배송일시와 인증번호가 수령자의 휴대폰으로 전송되며, 택배도착 알림문자(인증번호)를 받은 시민은 보관함에 휴대폰번호와 인증번호를 입력하고 물품을 찾아가면 된다.",대형/01+중형/02+소형/04,"01/01+02/03+04/15","01/55+02/55+04/55","01/45+02/45+04/45","01/80+02/45+04/30",2016-05-01,"1599-2740",2022-07-11,,37.7505950000,127.0386100000
경기도,성남시 수정구,복정동,"41131107",생활편의형SOC,CVNTL,무인택배함,복정동 행정복지센터,CVNTL_19_41131_00043,,경기도 성남시 수정구 복정로 144,경기도 성남시 수정구 복정동 641-12,"0:00","23:59","0:00","23:59","0:00","23:59","48",24,500,"1",물품 배송 시 휴대폰 문자로 전송되는 택배보관함번호 인증번호를 확인하여 해당 보관함에서 본인 휴대폰 번호와 전송받은 인증번호를 입력한 뒤 보관함을 열어 물품 수령,대형/01+소형/03+초소형/04,"01/1+03/8+04/6","01/60+03/60+04/60","01/50+03/50+04/50","01/90+03/30+04/20",2016-02-01,"1577-1545",2022-07-11,,37.4659900000,127.1271200000
경기도,수원시 장안구,연무동,"41111137",생활편의형SOC,CVNTL,무인택배함,연무동 행정복지센터,CVNTL_19_41111_00061,,경기도 수원시 장안구 경수대로 757,경기도 수원시 장안구 연무동 181-1,"0:00","23:59","0:00","23:59","0:00","23:59","48",24,1000,"1","물품 배송 시 휴대폰 문자로 전송되는 택배보관함번호, 인증번호를 확인하여,해당 보관함에서 본인 휴대폰 번호와 전송받은 인증번호를 입력한 뒤 보관함을 열어 물품 수령",중형/02+중소형/03,"02/4+03/16","02/55+03/55","02/45+03/45","02/60+03/30",2017-01-01,"1899-4711",2022-07-11,,37.2904360000,127.0215450000
경기도,수원시 권선구,평동,"41113127",생활편의형SOC,CVNTL,무인택배함,평동 행정복지센터,CVNTL_19_41113_00054,,경기도 수원시 권선구 평동로76번길 13,경기도 수원시 권선구 평동 35-6,"0:00","23:59","0:00","23:59","0:00","23:59","48",24,1000,"1","물품 배송 시 휴대폰 문자로 전송되는 택배보관함번호, 인증번호를 확인하여,해당 보관함에서 본인 휴대폰 번호와 전송받은 인증번호를 입력한 뒤 보관함을 열어 물품 수령",중형/02+중소형/03,"02/4+03/16","02/55+03/55","02/45+03/45","02/60+03/30",2017-01-01,"1899-4711",2022-07-11,,37.2580640000,126.9941600000
경기도,성남시 수정구,양지동,"41131106",생활편의형SOC,CVNTL,무인택배함,양지동 행정복지센터,CVNTL_19_41131_00044,,경기도 성남시 수정구 산성대로 483,경기도 성남시 수정구 양지동 870,"0:00","23:59","0:00","23:59","0:00","23:59","48",24,500,"1",물품 배송 시 휴대폰 문자로 전송되는 택배보관함번호 인증번호를 확인하여 해당 보관함에서 본인 휴대폰 번호와 전송받은 인증번호를 입력한 뒤 보관함을 열어 물품 수령,대형/01+소형/03+초소형/04,"01/1+03/8+04/6","01/60+03/60+04/60","01/50+03/50+04/50","01/90+03/30+04/20",2013-10-01,"1577-1545",2022-07-11,,37.4548530000,127.1609200000
경기도,수원시 팔달구,신풍동,"41115130",생활편의형SOC,CVNTL,무인택배함,행궁동 행정복지센터,CVNTL_19_41115_00064,,경기도 수원시 팔달구 신풍로23번길 40,경기도 수원시 팔달구 신풍동 100,"0:00","23:59","0:00","23:59","0:00","23:59","48",24,1000,"1","물품 배송 시 휴대폰 문자로 전송되는 택배보관함번호, 인증번호를 확인하여,해당 보관함에서 본인 휴대폰 번호와 전송받은 인증번호를 입력한 뒤 보관함을 열어 물품 수령",중형/02+중소형/03,"02/4+03/16","02/55+03/55","02/45+03/45","02/60+03/30",2019-07-01,"1899-4711",2022-07-11,,37.2840420000,127.0126600000
경기도,화성시,청계동,"41590130",생활편의형SOC,CVNTL,무인택배함,여성안심택배함,CVNTL_19_41590_00103,,경기도 화성시 동탄대로시범길 133,경기도 화성시 청계동 530,"0:00","24:00:00","0:00","24:00:00","0:00","24:00:00","48",48,500,"2","물품 배송 시 휴대폰 문자로 전송되는 택배보관함번호, 인증번호를 확인하여, 해당 보관함에서 본인 휴대폰 번호와 전송받은 인증번호를 입력한 뒤 보관함을 열어 물품 수령",대형/01+중형/02+중소형/03+소형/04,"01/1+02/3+03/4+04/12","01/60+02/60+03/60+04/40","01/60+02/60+03/60+04/40","01/60+02/45+03/30+04/22",2018-05-31,"1577-1545",2022-07-11,,37.1998520000,127.1123300000
경기도,화성시,향남읍,"41590259",생활편의형SOC,CVNTL,무인택배함,여성안심택배함,CVNTL_19_41590_00100,,경기도 화성시 향남읍 발안로 89,경기도 화성시 향남읍 행정리 287-1,"0:00","24:00:00","0:00","24:00:00","0:00","24:00:00","48",48,500,"2","물품 배송 시 휴대폰 문자로 전송되는 택배보관함번호, 인증번호를 확인하여, 해당 보관함에서 본인 휴대폰 번호와 전송받은 인증번호를 입력한 뒤 보관함을 열어 물품 수령",대형/01+중형/02,"01/2+02/18","01/60+02/60","01/50+02/50","01/60+02/30",2016-02-29,"1577-1545",2022-07-11,,37.1320570000,126.9205900000
경기도,화성시,봉담읍,"41590253",생활편의형SOC,CVNTL,무인택배함,여성안심택배함,CVNTL_19_41590_00101,,경기도 화성시 봉담읍 샘마을1길 7,경기도 화성시 봉담읍 상리 27-1,"0:00","24:00:00","0:00","24:00:00","0:00","24:00:00","48",48,500,"2","물품 배송 시 휴대폰 문자로 전송되는 택배보관함번호, 인증번호를 확인하여, 해당 보관함에서 본인 휴대폰 번호와 전송받은 인증번호를 입력한 뒤 보관함을 열어 물품 수령",대형/01+중형/02,"01/2+02/18","01/60+02/60","01/50+02/50","01/60+02/30",2016-03-10,"1577-1545",2022-07-11,,37.2199900000,126.9500500000
경기도,파주시,문산읍,"41480250",생활편의형SOC,CVNTL,무인택배함,문산역,CVNTL_19_41480_00087,,경기도 파주시 문산읍 문산역로 94,경기도 파주시 문산읍 문산리 17-14,"0:00","23:59","0:00","23:59","0:00","23:59","48",24,1000,"2","물품 배송 시 휴대폰 문자로 전송되는 택배보관함번호, 인증번호를 확인하여, 해당 보관함에서 본인 휴대폰 번호와 전송받은 인증번호를 입력한 뒤 보관함을 열어 물품 수령",대형/01+중소형/03,"01/5+03/6","01/55+03/55","01/45+03/45","01/60+03/33",2019-12-06,"1899-4711",2022-07-11,,37.8555830000,126.7871600000
경기도,화성시,영천동,"41590131",생활편의형SOC,CVNTL,무인택배함,여성안심택배함,CVNTL_19_41590_00104,,경기도 화성시 동탄영천로 84,경기도 화성시 영천동 539-9,"0:00","24:00:00","0:00","24:00:00","0:00","24:00:00","48",48,500,"2","물품 배송 시 휴대폰 문자로 전송되는 택배보관함번호, 인증번호를 확인하여, 해당 보관함에서 본인 휴대폰 번호와 전송받은 인증번호를 입력한 뒤 보관함을 열어 물품 수령",대형/01+중형/02+중소형/03+소형/04,"01/1+02/3+03/4+04/12","01/60+02/60+03/60+04/40","01/60+02/60+03/60+04/40","01/60+02/45+03/30+04/22",2021-01-01,"1577-1545",2022-07-11,,37.2101330000,127.1039350000
경기도,화성시,진안동,"41590116",생활편의형SOC,CVNTL,무인택배함,여성안심택배함,CVNTL_19_41590_00105,,경기도 화성시 떡전골로 97,경기도 화성시 진안동 824-1,"0:00","24:00:00","0:00","24:00:00","0:00","24:00:00","48",48,500,"2","물품 배송 시 휴대폰 문자로 전송되는 택배보관함번호, 인증번호를 확인하여, 해당 보관함에서 본인 휴대폰 번호와 전송받은 인증번호를 입력한 뒤 보관함을 열어 물품 수령",대형/01+중형/02,"01/2+02/18","01/60+02/60","01/50+02/50","01/60+02/30",2016-02-29,"1577-1545",2022-07-11,,37.2065770000,127.0335400000
경기도,의왕시,삼동,"41430103",생활편의형SOC,CVNTL,무인택배함,의왕역,CVNTL_19_41430_00080,,경기도 의왕시 철도박물관로 66,경기도 의왕시 삼동 191,"0:00","23:59","0:00","23:59","0:00","23:59","0",0,0,"1","물품 배송 시 휴대폰 문자로 전송되는 택배보관함번호, 인증번호를 확인하여, 해당 보관함에서 본인 휴대폰 번호와 전송받은 인증번호를 입력한 뒤 보관함을 열어 물품 수령",중형/02+소형/04,"02/4+04/14","02/60+04/60","02/50+04/50","02/60+04/30",2017-03-31,"1899-4711",2022-07-11,,37.3210830000,126.9483900000
경기도,의왕시,오전동,"41430105",생활편의형SOC,CVNTL,무인택배함,오전동주민센터,CVNTL_19_41430_00081,,경기도 의왕시 찬우물길 11,경기도 의왕시 오전동 844-18,"0:00","23:59","0:00","23:59","0:00","23:59","0",0,0,"1","물품 배송 시 휴대폰 문자로 전송되는 택배보관함번호, 인증번호를 확인하여, 해당 보관함에서 본인 휴대폰 번호와 전송받은 인증번호를 입력한 뒤 보관함을 열어 물품 수령",중형/02+소형/04,"02/4+04/14","02/60+04/60","02/50+04/50","02/60+04/30",2017-02-01,"1899-4711",2022-07-11,,37.3535000000,126.9715300000
경기도,파주시,금촌동,"41480101",생활편의형SOC,CVNTL,무인택배함,금촌역,CVNTL_19_41480_00089,,경기도 파주시 새꽃로 193,경기도 파주시 금촌동 329-355,"0:00","23:59","0:00","23:59","0:00","23:59","48",24,1000,"2","물품 배송 시 휴대폰 문자로 전송되는 택배보관함번호, 인증번호를 확인하여, 해당 보관함에서 본인 휴대폰 번호와 전송받은 인증번호를 입력한 뒤 보관함을 열어 물품 수령",대형/01+중형/02+중소형/03,"01/3+02/10+03/1","01/55+02/55+03/55","01/45+02/45+03/45","01/60+02/45+03/33",2019-12-06,"1899-4711",2022-07-11,,37.7655560000,126.7739300000
경기도,파주시,금촌동,"41480101",생활편의형SOC,CVNTL,무인택배함,평생학습관,CVNTL_19_41480_00090,,경기도 파주시 금정3길 40,경기도 파주시 금촌동 952-4,"0:00","23:59","0:00","23:59","0:00","23:59","48",24,1000,"2","물품 배송 시 휴대폰 문자로 전송되는 택배보관함번호, 인증번호를 확인하여, 해당 보관함에서 본인 휴대폰 번호와 전송받은 인증번호를 입력한 뒤 보관함을 열어 물품 수령",대형/01+중형/02+중소형/03,"01/1+02/6+03/14","01/55+02/55+03/55","01/45+02/45+03/45","01/60+02/45+03/33",2021-03-20,"1899-4711",2022-07-11,,37.7568630000,126.7740100000
경기도,파주시,야당동,"41480108",생활편의형SOC,CVNTL,무인택배함,야당역,CVNTL_19_41480_00092,,경기도 파주시 소리천로 10,경기도 파주시 야당동 1088,"0:00","23:59","0:00","23:59","0:00","23:59","48",24,1000,"2","물품 배송 시 휴대폰 문자로 전송되는 택배보관함번호, 인증번호를 확인하여, 해당 보관함에서 본인 휴대폰 번호와 전송받은 인증번호를 입력한 뒤 보관함을 열어 물품 수령",대형/01+중형/02+중소형/03,"01/3+02/10+03/1","01/55+02/55+03/55","01/45+02/45+03/45","01/60+02/45+03/33",2019-12-06,"1899-4711",2022-07-11,,37.7128330000,126.7615200000
경기도,고양시 덕양구,화전동,"41281129",생활편의형SOC,CVNTL,무인택배함,고양안심무인택배함(화전동행정복지센터),CVNTL_19_41281_00003,,경기도 고양시 덕양구 중앙로 131,경기도 고양시 덕양구 화전동 226-13,"4:00","3:00","4:00","3:00","4:00","3:00","48",24,1000,"1",택배 주문 시 택배함 주소로 주문 후 도착 시 인증번호 입력 후 찾기,대형/01+중형/02,"01/20+02/5","01/20+02/5","01/20+02/5","01/20+02/5",2020-06-01,"1899-4711",2022-07-11,,37.6000330000,126.8726800000
경기도,고양시 일산서구,일산동,"41287101",생활편의형SOC,CVNTL,무인택배함,고양안심무인택배함(일산역),CVNTL_19_41287_00022,,경기도 고양시 일산서구 경의로 672,경기도 고양시 일산서구 일산동 655-691,"4:00","3:00","4:00","3:00","4:00","3:00","48",24,1000,"1",택배 주문 시 택배함 주소로 주문 후 도착 시 인증번호 입력 후 찾기,대형/01+중형/02,"01/20+02/5","01/20+02/5","01/20+02/5","01/20+02/5",2019-06-01,"1899-4711",2022-07-11,,37.6823120000,126.7696300000
경기도,고양시 덕양구,원흥동,"41281104",생활편의형SOC,CVNTL,무인택배함,고양안심무인택배함(원흥역),CVNTL_19_41281_00010,,경기도 고양시 덕양구 권율대로 681,경기도 고양시 덕양구 원흥동 569-15,"4:00","2:00","4:00","2:00","4:00","2:00","48",24,1000,"1",택배 주문 시 택배함 주소로 주문 후 도착 시 인증번호 입력 후 찾기,대형/01+중형/02,"01/20+02/5","01/20+02/5","01/20+02/5","01/20+02/5",2017-03-01,"1899-4711",2022-07-11,,37.6509200000,126.8733000000
경기도,과천시,중앙동,"41290107",생활편의형SOC,CVNTL,무인택배함,여성안심택배함,CVNTL_19_41290_00027,,경기도 과천시 관문로 136,경기도 과천시 중앙동 68,"0:00","23:59","0:00","23:59","0:00","23:59","72",0,0,"2",무인택배함,대형/01,"01월 08일","01/60","01/48","01/44",2012-01-01,"02-1899-4764",2022-07-11,,37.4331900000,126.9934100000
경기도,의왕시,내손동,"41430107",생활편의형SOC,CVNTL,무인택배함,내손도서관,CVNTL_19_41430_00079,,경기도 의왕시 복지로 109,경기도 의왕시 내손동 644-1,"0:00","23:59","0:00","23:59","0:00","23:59","0",0,0,"1","물품 배송 시 휴대폰 문자로 전송되는 택배보관함번호, 인증번호를 확인하여, 해당 보관함에서 본인 휴대폰 번호와 전송받은 인증번호를 입력한 뒤 보관함을 열어 물품 수령",중형/02+소형/04,"02/4+04/14","02/60+04/60","02/50+04/50","02/60+04/30",2016-08-01,"1899-4711",2022-07-11,,37.3875770000,126.9816900000
경기도,고양시 일산동구,풍동,"41285107",생활편의형SOC,CVNTL,무인택배함,고양안심무인택배함(풍산역),CVNTL_19_41285_00015,,경기도 고양시 일산동구 경의로 486,경기도 고양시 일산동구 풍동 1042,"4:00","3:00","4:00","3:00","4:00","3:00","48",24,1000,"1",택배 주문 시 택배함 주소로 주문 후 도착 시 인증번호 입력 후 찾기,대형/01+중형/02,"01/20+02/5","01/20+02/5","01/20+02/5","01/20+02/5",2020-06-01,"1899-4711",2022-07-11,,37.6720430000,126.7864900000
경기도,고양시 덕양구,강매동,"41281124",생활편의형SOC,CVNTL,무인택배함,고양안심무인택배함(행신역),CVNTL_19_41281_00008,,경기도 고양시 덕양구 소원로 102,경기도 고양시 덕양구 행신동 812,"4:00","3:00","4:00","3:00","4:00","3:00","48",24,1000,"1",택배 주문 시 택배함 주소로 주문 후 도착 시 인증번호 입력 후 찾기,대형/01+중형/02,"01/20+02/5","01/20+02/5","01/20+02/5","01/20+02/5",2020-08-12,"1899-4711",2022-07-11,,37.6121300000,126.8341900000
경기도,구리시,교문동,"41310104",생활편의형SOC,CVNTL,무인택배함,여성안심무인택배보관함 (구리시멀티스포츠센터),CVNTL_19_41310_00034,,경기도 구리시 체육관로 137-25,경기도 구리시 교문동 153-1,"0:00","23:59","0:00","23:59","0:00","23:59","48",24,1000,"2","물품 배송 시 휴대폰 문자로 전송되는 택배보관함번호, 인증번호를 확인하여, 해당 보관함에서 본인 휴대폰 번호와 전송받은 인증번호를 입력한 뒤 보관함을 열어 물품 수령",대형/01+중형/02,"01/4+02/16","01/60+02/60","01/50+02/50","01/45+02/23",2017-12-11,"1899-4711",2022-07-11,,37.5961040000,127.1351600000
경기도,의왕시,왕곡동,"41430104",생활편의형SOC,CVNTL,무인택배함,고천동주민센터,CVNTL_19_41430_00082,,경기도 의왕시 사천로 11,경기도 의왕시 왕곡동 598,"0:00","23:59","0:00","23:59","0:00","23:59","48",24,1000,"1","물품 배송 시 휴대폰 문자로 전송되는 택배보관함번호, 인증번호를 확인하여, 해당 보관함에서 본인 휴대폰 번호와 전송받은 인증번호를 입력한 뒤 보관함을 열어 물품 수령",중형/02+소형/04,"02/4+04/14","02/60+04/60","02/50+04/50","02/60+04/30",2017-02-01,"1899-4711",2022-07-11,,37.3458000000,126.9768900000
