시도명,시군구명,법정읍면동명,읍면동아이디,SOC유형,SOC유형아이디,구분명,시설명,시설물 아이디,인허가일자,도로명주소,지번주소,관서명,지방청명,경찰서명,구분명,데이터갱신일자,업태구분명,위도,경도
경기도,남양주시,수동면,"41360340",생활편의형SOC,CVNTL,파출소,수동 파출소,CVNTL_20_41360_00058,,경기도 남양주시 수동면 비룡로 808,경기도 남양주시 수동면 입석리 341-4,,경기북부청,남양주,파출소,2022-07-11,,37.7095530000,127.3221200000
경기도,안산시 단원구,원시동,"41273105",생활편의형SOC,CVNTL,파출소,공단 파출소,CVNTL_20_41273_00147,,경기도 안산시 단원구 동산로 29,경기도 안산시 단원구 원시동 773-6,,경기남부청,안산단원,파출소,2022-07-11,,37.3128200000,126.7933900000
경기도,광명시,광명동,"41210101",생활편의형SOC,CVNTL,파출소,광명 파출소,CVNTL_20_41210_00027,,경기도 광명시 오리로991번길 6,경기도 광명시 광명동 158-834,,경기남부청,광명,파출소,2022-07-11,,37.4793000000,126.8528440000
경기도,안산시 단원구,원곡동,"41273108",생활편의형SOC,CVNTL,파출소,원선 파출소,CVNTL_20_41273_00151,,경기도 안산시 단원구 원선로 33,경기도 안산시 단원구 원곡동 821-3,,경기남부청,안산단원,파출소,2022-07-11,,37.3280680000,126.7972500000
경기도,안산시 단원구,원곡동,"41273108",생활편의형SOC,CVNTL,파출소,원선 다문화 파출소,CVNTL_20_41273_00152,,경기도 안산시 단원구 원곡공원로 30,경기도 안산시 단원구 원곡동 753,,경기남부청,안산단원,파출소,2022-07-11,,37.3326260000,126.7946000000
경기도,의왕시,내손동,"41430107",생활편의형SOC,CVNTL,파출소,내손 파출소,CVNTL_20_41430_00247,,경기도 의왕시 갈미로 77,경기도 의왕시 내손동 759,,경기남부청,의왕,파출소,2022-07-11,,37.3787124000,126.9757877000
경기도,연천군,신서면,"41800360",생활편의형SOC,CVNTL,파출소,신서 파출소,CVNTL_20_41800_00223,,경기도 연천군 신서면 연신로 1153,경기도 연천군 신서면 도신리 285-11,,경기북부청,연천,파출소,2022-07-11,,38.1847768000,127.1072018000
경기도,남양주시,조안면,"41360360",생활편의형SOC,CVNTL,파출소,조안 파출소,CVNTL_20_41360_00064,,경기도 남양주시 조안면 북한강로 131,경기도 남양주시 조안면 조안리 192-14,,경기북부청,남양주,파출소,2022-07-11,,37.5368810000,127.3023781000
경기도,구리시,수택동,"41310105",생활편의형SOC,CVNTL,파출소,토평 파출소,CVNTL_20_41310_00039,,경기도 구리시 체육관로74번길 55,경기도 구리시 수택동 851-3,,경기북부청,구리,지구대,2022-07-11,,37.5913540000,127.1411740000
경기도,구리시,수택동,"41310105",생활편의형SOC,CVNTL,파출소,수택 파출소,CVNTL_20_41310_00040,,경기도 구리시 검배로71번길 12-5,경기도 구리시 수택동 493-5,,경기북부청,구리,파출소,2022-07-11,,37.5964900000,127.1471700000
경기도,의정부시,호원동,"41150102",생활편의형SOC,CVNTL,파출소,호원 파출소,CVNTL_20_41150_00252,,경기도 의정부시 평화로 159,경기도 의정부시 호원동 465-3,,경기북부청,의정부,파출소,2022-07-11,,37.7059900000,127.0478300000
경기도,광주시,능평동,"41610116",생활편의형SOC,CVNTL,파출소,오포서부 파출소,CVNTL_20_41610_00038,,경기도 광주시 오포읍 오포로171번길 3,경기도 광주시 오포읍 능평리 133,,경기남부청,광주,파출소,2022-07-11,,37.3470400000,127.1828000000
경기도,군포시,당동,"41410101",생활편의형SOC,CVNTL,파출소,군포 파출소,CVNTL_20_41410_00044,,경기도 군포시 군포로 511,경기도 군포시 당동 775-18,,경기남부청,군포,지구대,2022-07-11,,37.3521460000,126.9445800000
경기도,안산시 단원구,고잔동,"41273101",생활편의형SOC,CVNTL,파출소,호수 지구대,CVNTL_20_41273_00153,,경기도 안산시 단원구 광덕2로 127,경기도 안산시 단원구 고잔동 712-3,,경기남부청,안산단원,파출소,2022-07-11,,37.3102870000,126.8247900000
경기도,안산시 단원구,고잔동,"41273101",생활편의형SOC,CVNTL,파출소,안산단원경찰서,CVNTL_20_41273_00154,,경기도 안산시 단원구 화랑로 373,경기도 안산시 단원구 고잔동 514,,경기남부청,안산단원,지구대,2022-07-11,,37.3216300000,126.8288650000
경기도,김포시,하성면,"41570360",생활편의형SOC,CVNTL,파출소,하성 파출소,CVNTL_20_41570_00051,,경기도 김포시 하성면 애기봉로 847,경기도 김포시 하성면 마곡리 623-1,,경기남부청,김포,파출소,2022-07-11,,37.7197880000,126.6316800000
경기도,김포시,고촌읍,"41570253",생활편의형SOC,CVNTL,파출소,김포터미널 파출소,CVNTL_20_41570_00054,,경기도 김포시 고촌읍 아라육로152번길 56,경기도 김포시 고촌읍 전호리 68-10,,경기남부청,김포,파출소,2022-07-11,,37.5960920000,126.7850340000
경기도,남양주시,평내동,"41360102",생활편의형SOC,CVNTL,파출소,평내 파출소,CVNTL_20_41360_00060,,경기도 남양주시 경춘로 1211,경기도 남양주시 평내동 438-12,,경기북부청,남양주,파출소,2022-07-11,,37.6449930000,127.2296500000
경기도,남양주시,진접읍,"41360253",생활편의형SOC,CVNTL,파출소,진접 파출소,CVNTL_20_41360_00066,,경기도 남양주시 진접읍 장현로 113,경기도 남양주시 진접읍 장현리 351-34,,경기북부청,남양주,파출소,2022-07-11,,37.7200470000,127.1840600000
경기도,동두천시,보산동,"41250106",생활편의형SOC,CVNTL,파출소,중앙 파출소,CVNTL_20_41250_00074,,경기도 동두천시 중앙로 393,경기도 동두천시 보산동 405,,경기북부청,동두천,파출소,2022-07-11,,37.9132700000,127.0607200000
경기도,동두천시,동두천동,"41250107",생활편의형SOC,CVNTL,파출소,소요 파출소,CVNTL_20_41250_00075,,경기도 동두천시 평화로 2695,경기도 동두천시 동두천동 252-3,,경기북부청,동두천,파출소,2022-07-11,,37.9286500000,127.0564400000
경기도,남양주시,진접읍,"41360253",생활편의형SOC,CVNTL,파출소,해밀 파출소,CVNTL_20_41360_00067,,경기도 남양주시 진접읍 해밀예당1로 251,경기도 남양주시 진접읍 금곡리 1012,,경기북부청,남양주,파출소,2022-07-11,,37.7223970000,127.2048000000
경기도,남양주시,오남읍,"41360262",생활편의형SOC,CVNTL,파출소,오남 파출소,CVNTL_20_41360_00068,,경기도 남양주시 오남읍 진건오남로 595-14,경기도 남양주시 오남읍 오남리 259-2,,경기북부청,남양주,파출소,2022-07-11,,37.6868800000,127.2103800000
경기도,시흥시,매화동,"41390108",생활편의형SOC,CVNTL,파출소,매화 파출소,CVNTL_20_41390_00136,,경기도 시흥시 매화로 36,경기도 시흥시 매화동 202-1,,경기남부청,시흥,파출소,2022-07-11,,37.4161800000,126.8146800000
경기도,동두천시,생연동,"41250103",생활편의형SOC,CVNTL,파출소,생연 파출소,CVNTL_20_41250_00076,,경기도 동두천시 생연로 99,경기도 동두천시 생연동 814-7,,경기북부청,동두천,파출소,2022-07-11,,37.9015350000,127.0503100000
경기도,수원시 팔달구,화서동,"41115138",생활편의형SOC,CVNTL,파출소,화서문 파출소,CVNTL_20_41115_00128,,경기도 수원시 팔달구 수성로182번길 3,경기도 수원시 팔달구 화서동 647-1,,경기남부청,수원중부,지구대,2022-07-11,,37.2867000000,126.9932100000
경기도,부천시,여월동,"41190118",생활편의형SOC,CVNTL,파출소,성곡 파출소,CVNTL_20_41190_00078,,경기도 부천시 삼작로352번길 42,경기도 부천시 여월동 8-36,,경기남부청,부천오정,파출소,2022-07-11,,37.5179980000,126.8006800000
경기도,시흥시,정왕동,"41390132",생활편의형SOC,CVNTL,파출소,시화 파출소,CVNTL_20_41390_00137,,경기도 시흥시 중심상가로 271,경기도 시흥시 정왕동 1785-4,,경기남부청,시흥,파출소,2022-07-11,,37.3401800000,126.7436700000
경기도,여주시,흥천면,"41670320",생활편의형SOC,CVNTL,파출소,흥천 파출소,CVNTL_20_41670_00207,,경기도 여주시 흥천면 효자로 144,경기도 여주시 흥천면 효지리 376-23,,경기남부청,여주,파출소,2022-07-11,,37.3327030000,127.5425200000
경기도,여주시,금사면,"41670330",생활편의형SOC,CVNTL,파출소,금사 파출소,CVNTL_20_41670_00208,,경기도 여주시 금사면 이포로 41,경기도 여주시 금사면 이포리 198,,경기남부청,여주,파출소,2022-07-11,,37.3931900000,127.5342400000
경기도,양평군,단월면,"41830360",생활편의형SOC,CVNTL,파출소,단월 파출소,CVNTL_20_41830_00203,,경기도 양평군 단월면 재인동길 2-4,경기도 양평군 단월면 보룡리 92-1,,경기남부청,양평,파출소,2022-07-11,,37.5330470000,127.6743240000
경기도,포천시,소흘읍,"41650250",생활편의형SOC,CVNTL,파출소,소흘 파출소,CVNTL_20_41650_00298,,경기도 포천시 소흘읍 태봉로 144,경기도 포천시 소흘읍 송우리 726-75,,경기북부청,포천,지구대,2022-07-11,,37.8305700000,127.1403600000
경기도,포천시,신읍동,"41650101",생활편의형SOC,CVNTL,파출소,포천 파출소,CVNTL_20_41650_00299,,경기도 포천시 원모루로1길 32,경기도 포천시 신읍동 106-22,,경기북부청,포천,파출소,2022-07-11,,37.8926300000,127.1962000000
경기도,하남시,창우동,"41450103",생활편의형SOC,CVNTL,파출소,창우 파출소,CVNTL_20_41450_00310,,경기도 하남시 대청로 114,경기도 하남시 창우동 520-3,,경기남부청,하남,파출소,2022-07-11,,37.5392300000,127.2247240000
경기도,안산시 상록구,팔곡일동,"41271110",생활편의형SOC,CVNTL,파출소,팔곡 파출소,CVNTL_20_41271_00163,,경기도 안산시 상록구 소학길 8,경기도 안산시 상록구 팔곡일동 681-1,,경기남부청,안산상록,파출소,2022-07-11,,37.2975120000,126.8875050000
경기도,부천시,삼정동,"41190123",생활편의형SOC,CVNTL,파출소,내동 파출소,CVNTL_20_41190_00079,,경기도 부천시 신흥로 411,경기도 부천시 삼정동 196,,경기남부청,부천오정,지구대,2022-07-11,,37.5204470000,126.7749000000
경기도,안산시 상록구,일동,"41271101",생활편의형SOC,CVNTL,파출소,일동 파출소,CVNTL_20_41271_00157,,경기도 안산시 상록구 호동로 118,경기도 안산시 상록구 일동 600-6,,경기남부청,안산상록,파출소,2022-07-11,,37.3126750000,126.8643800000
경기도,안산시 상록구,본오동,"41271104",생활편의형SOC,CVNTL,파출소,본오 파출소,CVNTL_20_41271_00158,,경기도 안산시 상록구 상록수로 12,경기도 안산시 상록구 본오동 877-3,,경기남부청,안산상록,지구대,2022-07-11,,37.3026430000,126.8612300000
경기도,성남시 분당구,구미동,"41135114",생활편의형SOC,CVNTL,파출소,구미 파출소,CVNTL_20_41135_00096,,경기도 성남시 분당구 구미로 107,경기도 성남시 분당구 구미동 223,,경기남부청,분당,파출소,2022-07-11,,37.3393750000,127.1206700000
경기도,고양시 덕양구,성사동,"41281106",생활편의형SOC,CVNTL,파출소,원당 파출소,CVNTL_20_41281_00007,,경기도 고양시 덕양구 호국로790번길 105,경기도 고양시 덕양구 성사동 408-5,,경기북부청,고양,지구대,2022-07-11,,37.6542550000,126.8416700000
경기도,연천군,연천읍,"41800250",생활편의형SOC,CVNTL,파출소,연천 파출소,CVNTL_20_41800_00217,,경기도 연천군 연천읍 문화로 67-1,경기도 연천군 연천읍 차탄리 649,,경기북부청,연천,파출소,2022-07-11,,38.0996060000,127.0773000000
경기도,연천군,전곡읍,"41800253",생활편의형SOC,CVNTL,파출소,전곡 파출소,CVNTL_20_41800_00218,,경기도 연천군 전곡읍 선사로 410,경기도 연천군 전곡읍 전곡리 328-40,,경기북부청,연천,파출소,2022-07-11,,38.0255900000,127.0736160000
경기도,양평군,양서면,"41830330",생활편의형SOC,CVNTL,파출소,양서 파출소,CVNTL_20_41830_00204,,경기도 양평군 양서면 양수로152번길 6,경기도 양평군 양서면 양수리 559-6,,경기남부청,양평,파출소,2022-07-11,,37.5447960000,127.3192100000
경기도,양평군,지평면,"41830395",생활편의형SOC,CVNTL,파출소,지평 파출소,CVNTL_20_41830_00205,,경기도 양평군 지평면 지평의병로 91,경기도 양평군 지평면 지평리 539,,경기남부청,양평,파출소,2022-07-11,,37.4752460000,127.6361700000
경기도,여주시,대신면,"41670350",생활편의형SOC,CVNTL,파출소,대신 파출소,CVNTL_20_41670_00210,,경기도 여주시 대신면 여양로 1436,경기도 여주시 대신면 율촌리 283-2,,경기남부청,여주,파출소,2022-07-11,,37.3750700000,127.5884700000
경기도,양평군,개군면,"41830410",생활편의형SOC,CVNTL,파출소,개군 파출소,CVNTL_20_41830_00206,,경기도 양평군 개군면 하자포길 25,경기도 양평군 개군면 하자포리 223-1,,경기남부청,양평,파출소,2022-07-11,,37.4253160000,127.5378900000
경기도,여주시,북내면,"41670360",생활편의형SOC,CVNTL,파출소,북내 파출소,CVNTL_20_41670_00212,,경기도 여주시 북내면 여양2로 300,경기도 여주시 북내면 당우리 161-1,,경기남부청,여주,파출소,2022-07-11,,37.3293760000,127.6797500000
경기도,여주시,점동면,"41670310",생활편의형SOC,CVNTL,파출소,점동 파출소,CVNTL_20_41670_00215,,경기도 여주시 점동면 청안로 118,경기도 여주시 점동면 청안리 128-2,,경기남부청,여주,파출소,2022-07-11,,37.2049300000,127.6616800000
경기도,여주시,가남읍,"41670250",생활편의형SOC,CVNTL,파출소,가남 파출소,CVNTL_20_41670_00216,,경기도 여주시 가남읍 태평2길 23,경기도 여주시 가남읍 태평리 176,,경기남부청,여주,파출소,2022-07-11,,37.2036740000,127.5455600000
경기도,연천군,청산면,"41800320",생활편의형SOC,CVNTL,파출소,청산 파출소,CVNTL_20_41800_00220,,경기도 연천군 청산면 평화로 229,경기도 연천군 청산면 초성리 187-7,,경기북부청,연천,파출소,2022-07-11,,37.9940340000,127.0699100000
경기도,연천군,백학면,"41800330",생활편의형SOC,CVNTL,파출소,백학 파출소,CVNTL_20_41800_00221,,경기도 연천군 백학면 청정로 532-1,경기도 연천군 백학면 두일리 367-5,,경기북부청,연천,파출소,2022-07-11,,38.0300900000,126.9170300000
경기도,고양시 덕양구,고양동,"41281116",생활편의형SOC,CVNTL,파출소,고양 파출소,CVNTL_20_41281_00010,,경기도 고양시 덕양구 벽제관로 3,경기도 고양시 덕양구 고양동 444-3,,경기북부청,고양,파출소,2022-07-11,,37.7034030000,126.9039460000
경기도,고양시 덕양구,관산동,"41281118",생활편의형SOC,CVNTL,파출소,관산 파출소,CVNTL_20_41281_00013,,경기도 고양시 덕양구 통일로 782,경기도 고양시 덕양구 관산동 231-17,,경기북부청,고양,파출소,2022-07-11,,37.6882800000,126.8638840000
경기도,과천시,중앙동,"41290107",생활편의형SOC,CVNTL,파출소,과천 파출소,CVNTL_20_41290_00023,,경기도 과천시 관문로 136,경기도 과천시 중앙동 68,,경기남부청,과천,지구대,2022-07-11,,37.4331900000,126.9934100000
경기도,가평군,상면,"41820330",생활편의형SOC,CVNTL,파출소,상면 파출소,CVNTL_20_41820_00004,,경기도 가평군 상면 청군로 1101,경기도 가평군 상면 연하리 171-1,,경기북부청,가평,파출소,2022-07-11,,37.8050420000,127.3573150000
경기도,가평군,북면,"41820350",생활편의형SOC,CVNTL,파출소,북면 파출소,CVNTL_20_41820_00005,,경기도 가평군 북면 화악산로 6,경기도 가평군 북면 목동리 848,,경기북부청,가평,파출소,2022-07-11,,37.8858800000,127.5496200000
경기도,가평군,조종면,"41820345",생활편의형SOC,CVNTL,파출소,조종 파출소,CVNTL_20_41820_00006,,경기도 가평군 조종면 현창로 43,경기도 가평군 조종면 현리 267-5,,경기북부청,가평,파출소,2022-07-11,,37.8187400000,127.3479800000
경기도,광명시,소하동,"41210104",생활편의형SOC,CVNTL,파출소,소하 파출소,CVNTL_20_41210_00026,,경기도 광명시 금하로 500,경기도 광명시 소하동 1310,,경기남부청,광명,지구대,2022-07-11,,37.4499240000,126.8883500000
경기도,광명시,철산동,"41210102",생활편의형SOC,CVNTL,파출소,철산 파출소,CVNTL_20_41210_00029,,경기도 광명시 철산로29번길 16,경기도 광명시 철산동 241-3,,경기남부청,광명,지구대,2022-07-11,,37.4780540000,126.8690200000
경기도,광주시,초월읍,"41610253",생활편의형SOC,CVNTL,파출소,초월 파출소,CVNTL_20_41610_00030,,경기도 광주시 초월읍 경충대로 1243,경기도 광주시 초월읍 대쌍령리 211-6,,경기남부청,광주,파출소,2022-07-11,,37.3857270000,127.2883600000
경기도,광주시,추자동,"41610118",생활편의형SOC,CVNTL,파출소,오포동부 파출소,CVNTL_20_41610_00032,,경기도 광주시 오포읍 오포로 869,경기도 광주시 오포읍 추자리 105-7,,경기남부청,광주,파출소,2022-07-11,,37.3678470000,127.2314700000
경기도,광주시,퇴촌면,"41610340",생활편의형SOC,CVNTL,파출소,퇴촌 파출소,CVNTL_20_41610_00033,,경기도 광주시 퇴촌면 광동로 45,경기도 광주시 퇴촌면 광동리 237-2,,경기남부청,광주,파출소,2022-07-11,,37.4707340000,127.3078200000
경기도,광주시,남한산성면,"41610370",생활편의형SOC,CVNTL,파출소,남한산성 파출소,CVNTL_20_41610_00034,,경기도 광주시 남한산성면 남한산성로 757,경기도 광주시 남한산성면 산성리 401-2,,경기남부청,광주,파출소,2022-07-11,,37.4777200000,127.1862200000
경기도,광주시,도척면,"41610330",생활편의형SOC,CVNTL,파출소,도척 파출소,CVNTL_20_41610_00035,,경기도 광주시 도척면 도척로 603,경기도 광주시 도척면 노곡리 283-8,,경기남부청,광주,파출소,2022-07-11,,37.3002130000,127.3314700000
경기도,김포시,통진읍,"41570250",생활편의형SOC,CVNTL,파출소,통진 파출소,CVNTL_20_41570_00049,,경기도 김포시 통진읍 조강로 83,경기도 김포시 통진읍 마송리 111-19,,경기남부청,김포,파출소,2022-07-11,,37.6921460000,126.5974660000
경기도,김포시,월곶면,"41570350",생활편의형SOC,CVNTL,파출소,월곶 파출소,CVNTL_20_41570_00050,,경기도 김포시 월곶면 군하로276번길 13,경기도 김포시 월곶면 군하리 214,,경기남부청,김포,파출소,2022-07-11,,37.7164300000,126.5521000000
경기도,김포시,장기동,"41570104",생활편의형SOC,CVNTL,파출소,장기 파출소,CVNTL_20_41570_00052,,경기도 김포시 청송로 36,경기도 김포시 장기동 1326,,경기남부청,김포,파출소,2022-07-11,,37.6483900000,126.6677600000
경기도,부천시,역곡동,"41190107",생활편의형SOC,CVNTL,파출소,역곡 파출소,CVNTL_20_41190_00077,,경기도 부천시 부일로711번길 29,경기도 부천시 역곡동 53-11,,경기남부청,부천원미,지구대,2022-07-11,,37.4861800000,126.8082400000
경기도,동두천시,광암동,"41250104",생활편의형SOC,CVNTL,파출소,광암 파출소,CVNTL_20_41250_00072,,경기도 동두천시 광암로 10,경기도 동두천시 광암동 495,,경기북부청,동두천,파출소,2022-07-11,,37.8948140000,127.0831500000
경기도,동두천시,지행동,"41250102",생활편의형SOC,CVNTL,파출소,송내 파출소,CVNTL_20_41250_00073,,경기도 동두천시 중앙로 157,경기도 동두천시 지행동 691-7,,경기북부청,동두천,지구대,2022-07-11,,37.8956300000,127.0520500000
경기도,부천시,원미동,"41190101",생활편의형SOC,CVNTL,파출소,원미 파출소,CVNTL_20_41190_00081,,경기도 부천시 원미로149번길 4,경기도 부천시 원미동 57,,경기남부청,부천원미,지구대,2022-07-11,,37.4961800000,126.7908700000
경기도,부천시,범박동,"41190112",생활편의형SOC,CVNTL,파출소,범박 파출소,CVNTL_20_41190_00083,,경기도 부천시 범안로 131,경기도 부천시 범박동 156,,경기남부청,부천소사,지구대,2022-07-11,,37.4701600000,126.8093640000
경기도,부천시,상동,"41190109",생활편의형SOC,CVNTL,파출소,상동 파출소,CVNTL_20_41190_00084,,경기도 부천시 상일로 99,경기도 부천시 상동 396-3,,경기남부청,부천원미,지구대,2022-07-11,,37.4917760000,126.7534300000
경기도,부천시,중동,"41190108",생활편의형SOC,CVNTL,파출소,계남 파출소,CVNTL_20_41190_00085,,경기도 부천시 조마루로 252,경기도 부천시 중동 1184-1,,경기남부청,부천원미,지구대,2022-07-11,,37.4978800000,126.7716700000
경기도,부천시,중동,"41190108",생활편의형SOC,CVNTL,파출소,중동 파출소,CVNTL_20_41190_00086,,경기도 부천시 석천로 203-16,경기도 부천시 중동 1032-1,,경기남부청,부천원미,지구대,2022-07-11,,37.5057640000,126.7625000000
경기도,수원시 권선구,구운동,"41113132",생활편의형SOC,CVNTL,파출소,서호 파출소,CVNTL_20_41113_00113,,경기도 수원시 권선구 구운로73번길 18-13,경기도 수원시 권선구 구운동 938,,경기남부청,수원서부,지구대,2022-07-11,,37.2807120000,126.9714360000
경기도,성남시 수정구,신흥동,"41131101",생활편의형SOC,CVNTL,파출소,신흥 파출소,CVNTL_20_41131_00098,,경기도 성남시 수정구 시민로 150,경기도 성남시 수정구 신흥동 3775,,경기남부청,성남수정,지구대,2022-07-11,,37.4415740000,127.1440350000
경기도,수원시 권선구,세류동,"41113126",생활편의형SOC,CVNTL,파출소,세류 파출소,CVNTL_20_41113_00114,,경기도 수원시 권선구 정조로 370,경기도 수원시 권선구 세류동 1167-33,,경기남부청,수원남부,파출소,2022-07-11,,37.2427400000,127.0152360000
경기도,성남시 중원구,은행동,"41133104",생활편의형SOC,CVNTL,파출소,은행 파출소,CVNTL_20_41133_00108,,경기도 성남시 중원구 은행로25번길 14,경기도 성남시 중원구 은행동 1417-1,,경기남부청,성남중원,파출소,2022-07-11,,37.4558220000,127.1654000000
경기도,성남시 중원구,도촌동,"41133107",생활편의형SOC,CVNTL,파출소,도촌 파출소,CVNTL_20_41133_00109,,경기도 성남시 중원구 도촌북로 43,경기도 성남시 중원구 도촌동 631,,경기남부청,성남중원,파출소,2022-07-11,,37.4176300000,127.1546000000
경기도,성남시 수정구,태평동,"41131102",생활편의형SOC,CVNTL,파출소,태평4 파출소,CVNTL_20_41131_00102,,경기도 성남시 수정구 남문로 128,경기도 성남시 수정구 태평동 7290,,경기남부청,성남수정,파출소,2022-07-11,,37.4478700000,127.1408840000
경기도,성남시 분당구,운중동,"41135115",생활편의형SOC,CVNTL,파출소,서판교 파출소,CVNTL_20_41135_00097,,경기도 성남시 분당구 운중로146번길 6,경기도 성남시 분당구 운중동 938,,경기남부청,분당,파출소,2022-07-11,,37.3908100000,127.0789500000
경기도,고양시 덕양구,화정동,"41281123",생활편의형SOC,CVNTL,파출소,화정 파출소,CVNTL_20_41281_00008,,경기도 고양시 덕양구 은빛로 80,경기도 고양시 덕양구 화정동 960,,경기북부청,고양,지구대,2022-07-11,,37.6371570000,126.8367000000
경기도,고양시 덕양구,화전동,"41281129",생활편의형SOC,CVNTL,파출소,화전 파출소,CVNTL_20_41281_00009,,경기도 고양시 덕양구 중앙로 219,경기도 고양시 덕양구 화전동 544-19,,경기북부청,고양,파출소,2022-07-11,,37.6059720000,126.8660400000
경기도,안산시 단원구,선부동,"41273109",생활편의형SOC,CVNTL,파출소,선부3 파출소,CVNTL_20_41273_00148,,경기도 안산시 단원구 선삼로2길 14-20,경기도 안산시 단원구 선부동 1135,,경기남부청,안산단원,파출소,2022-07-11,,37.3448220000,126.8126900000
경기도,안산시 단원구,선부동,"41273109",생활편의형SOC,CVNTL,파출소,선부2 파출소,CVNTL_20_41273_00150,,경기도 안산시 단원구 선여불로 19,경기도 안산시 단원구 선부동 703-3,,경기남부청,안산단원,파출소,2022-07-11,,37.3440670000,126.8038800000
경기도,과천시,별양동,"41290109",생활편의형SOC,CVNTL,파출소,별양 파출소,CVNTL_20_41290_00024,,경기도 과천시 별양로 58,경기도 과천시 별양동 11,,경기남부청,과천,지구대,2022-07-11,,37.4241070000,126.9936450000
경기도,광주시,태전동,"41610110",생활편의형SOC,CVNTL,파출소,태전 파출소,CVNTL_20_41610_00031,,경기도 광주시 태봉로 46,경기도 광주시 태전동 232-1,,경기남부청,광주,파출소,2022-07-11,,37.3894700000,127.2294850000
경기도,안성시,일죽면,"41550390",생활편의형SOC,CVNTL,파출소,일죽 파출소,CVNTL_20_41550_00171,,경기도 안성시 일죽면 주래본죽로 28,경기도 안성시 일죽면 송천리 20-6,,경기남부청,안성,파출소,2022-07-11,,37.0936400000,127.4775850000
경기도,안성시,대덕면,"41550350",생활편의형SOC,CVNTL,파출소,내리 파출소,CVNTL_20_41550_00175,,경기도 안성시 대덕면 대학6길 34,경기도 안성시 대덕면 내리 676-1,,경기남부청,안성,파출소,2022-07-11,,37.0035550000,127.2259600000
경기도,광주시,곤지암읍,"41610259",생활편의형SOC,CVNTL,파출소,곤지암 파출소,CVNTL_20_41610_00037,,경기도 광주시 곤지암읍 곤지암로 38,경기도 광주시 곤지암읍 곤지암리 430-5,,경기남부청,광주,파출소,2022-07-11,,37.3497660000,127.3426500000
경기도,이천시,모가면,"41500360",생활편의형SOC,CVNTL,파출소,모가 파출소,CVNTL_20_41500_00264,,경기도 이천시 모가면 진상미로 1305,경기도 이천시 모가면 진가리 114-11,,경기남부청,이천,파출소,2022-07-11,,37.1724620000,127.4800700000
경기도,군포시,대야미동,"41410108",생활편의형SOC,CVNTL,파출소,대야 파출소,CVNTL_20_41410_00047,,경기도 군포시 대야1로24번길 4,경기도 군포시 대야미동 654-1,,경기남부청,군포,파출소,2022-07-11,,37.3278500000,126.9175000000
경기도,오산시,오산동,"41370101",생활편의형SOC,CVNTL,파출소,중앙 파출소,CVNTL_20_41370_00227,,경기도 오산시 오산로 221,경기도 오산시 오산동 903-4,,경기남부청,화성동부,파출소,2022-07-11,,37.1468240000,127.0682140000
경기도,안산시 상록구,건건동,"41271111",생활편의형SOC,CVNTL,파출소,반월 파출소,CVNTL_20_41271_00162,,경기도 안산시 상록구 반월새싹길 56,경기도 안산시 상록구 건건동 47,,경기남부청,안산상록,파출소,2022-07-11,,37.3191600000,126.9061660000
경기도,시흥시,신천동,"41390102",생활편의형SOC,CVNTL,파출소,신천 파출소,CVNTL_20_41390_00143,,경기도 시흥시 신천로100번안길 15,경기도 시흥시 신천동 772-24,,경기남부청,시흥,파출소,2022-07-11,,37.4375840000,126.7868350000
경기도,시흥시,능곡동,"41390118",생활편의형SOC,CVNTL,파출소,능곡 파출소,CVNTL_20_41390_00144,,경기도 시흥시 장현능곡로 211,경기도 시흥시 능곡동 613,,경기남부청,시흥,파출소,2022-07-11,,37.3690200000,126.8138050000
경기도,오산시,세교동,"41370113",생활편의형SOC,CVNTL,파출소,세교 파출소,CVNTL_20_41370_00226,,경기도 오산시 세마역로 5,경기도 오산시 금암동 617-2,,경기남부청,화성동부,파출소,2022-07-11,,37.1811330000,127.0439400000
경기도,시흥시,대야동,"41390101",생활편의형SOC,CVNTL,파출소,대야 파출소,CVNTL_20_41390_00141,,경기도 시흥시 호현로 42,경기도 시흥시 대야동 494,,경기남부청,시흥,파출소,2022-07-11,,37.4442311000,126.7854017000
경기도,시흥시,장곡동,"41390130",생활편의형SOC,CVNTL,파출소,장곡 파출소,CVNTL_20_41390_00145,,경기도 시흥시 장곡로54번길 25-14,경기도 시흥시 장곡동 793-3,,경기남부청,시흥,지구대,2022-07-11,,37.3819850000,126.7813300000
경기도,안산시 상록구,월피동,"41271109",생활편의형SOC,CVNTL,파출소,월피 파출소,CVNTL_20_41271_00165,,경기도 안산시 상록구 안산천서로 215,경기도 안산시 상록구 월피동 512-3,,경기남부청,안산상록,파출소,2022-07-11,,37.3331260000,126.8463200000
경기도,성남시 중원구,성남동,"41133101",생활편의형SOC,CVNTL,파출소,성호 파출소,CVNTL_20_41133_00110,,경기도 성남시 중원구 산성대로 190-6,경기도 성남시 중원구 성남동 2199,,경기남부청,성남중원,지구대,2022-07-11,,37.4360770000,127.1399800000
경기도,김포시,대곶면,"41570340",생활편의형SOC,CVNTL,파출소,대곶 파출소,CVNTL_20_41570_00048,,경기도 김포시 대곶면 율생로 72,경기도 김포시 대곶면 율생리 451-1,,경기남부청,김포,파출소,2022-07-11,,37.6509740000,126.5839600000
경기도,양주시,남면,"41630320",생활편의형SOC,CVNTL,파출소,남면 파출소,CVNTL_20_41630_00190,,경기도 양주시 남면 개나리길 50,경기도 양주시 남면 신산리 285-183,,경기북부청,양주,파출소,2022-07-11,,37.8952500000,126.9741900000
경기도,양주시,마전동,"41630104",생활편의형SOC,CVNTL,파출소,주내 파출소,CVNTL_20_41630_00194,,경기도 양주시 부흥로 1617,경기도 양주시 마전동 163-6,,경기북부청,양주,파출소,2022-07-11,,37.7791334000,127.0517214000
경기도,군포시,부곡동,"41410103",생활편의형SOC,CVNTL,파출소,송부 파출소,CVNTL_20_41410_00046,,경기도 군포시 번영로 6-4,경기도 군포시 부곡동 1111-1,,경기남부청,군포,파출소,2022-07-11,,37.3227730000,126.9398600000
경기도,수원시 팔달구,매산로1가,"41115134",생활편의형SOC,CVNTL,파출소,매산 파출소,CVNTL_20_41115_00129,,경기도 수원시 팔달구 덕영대로 924,경기도 수원시 팔달구 매산로1가 18,,경기남부청,수원서부,지구대,2022-07-11,,37.2657000000,127.0001200000
경기도,수원시 팔달구,매교동,"41115133",생활편의형SOC,CVNTL,파출소,유천 파출소,CVNTL_20_41115_00130,,경기도 수원시 팔달구 매산로116번길 50,경기도 수원시 팔달구 매교동 77-63,,경기남부청,수원서부,파출소,2022-07-11,,37.2691650000,127.0143800000
경기도,여주시,강천면,"41670370",생활편의형SOC,CVNTL,파출소,강천 파출소,CVNTL_20_41670_00213,,경기도 여주시 강천면 강문로 566,경기도 여주시 강천면 간매리 313,,경기남부청,여주,파출소,2022-07-11,,37.2735980000,127.7112350000
경기도,여주시,산북면,"41670380",생활편의형SOC,CVNTL,파출소,산북 파출소,CVNTL_20_41670_00214,,경기도 여주시 산북면 금품1로 2,경기도 여주시 산북면 상품리 27-6,,경기남부청,여주,파출소,2022-07-11,,37.4047620000,127.4436800000
경기도,용인시 처인구,김량장동,"41461101",생활편의형SOC,CVNTL,파출소,중앙 파출소,CVNTL_20_41461_00238,,경기도 용인시 처인구 금령로 18,경기도 용인시 처인구 김량장동 328-2,,경기남부청,용인동부,지구대,2022-07-11,,37.2345700000,127.1982350000
경기도,용인시 처인구,모현읍,"41461253",생활편의형SOC,CVNTL,파출소,모현 파출소,CVNTL_20_41461_00240,,경기도 용인시 처인구 모현읍 백옥대로 2372,경기도 용인시 처인구 모현읍 왕산리 805-1,,경기남부청,용인동부,파출소,2022-07-11,,37.3353160000,127.2496100000
경기도,용인시 처인구,남사읍,"41461259",생활편의형SOC,CVNTL,파출소,남사 파출소,CVNTL_20_41461_00241,,경기도 용인시 처인구 남사읍 처인성로185번길 13,경기도 용인시 처인구 남사읍 봉무리 664-4,,경기남부청,용인동부,파출소,2022-07-11,,37.1137920000,127.1499500000
경기도,안양시 동안구,호계동,"41173104",생활편의형SOC,CVNTL,파출소,호계 파출소,CVNTL_20_41173_00177,,경기도 안양시 동안구 경수대로508번길 17,경기도 안양시 동안구 호계동 1006-9,,경기남부청,안양동안,파출소,2022-07-11,,37.3682480000,126.9588700000
경기도,안성시,원곡면,"41550380",생활편의형SOC,CVNTL,파출소,원곡 파출소,CVNTL_20_41550_00170,,경기도 안성시 원곡면 가천중앙1길 44,경기도 안성시 원곡면 외가천리 267-4,,경기남부청,안성,파출소,2022-07-11,,37.0392200000,127.1292650000
경기도,이천시,율면,"41500380",생활편의형SOC,CVNTL,파출소,율면 파출소,CVNTL_20_41500_00261,,경기도 이천시 율면 고당로 144,경기도 이천시 율면 고당리 247-12,,경기남부청,이천,파출소,2022-07-11,,37.0955160000,127.5468900000
경기도,이천시,대월면,"41500350",생활편의형SOC,CVNTL,파출소,대월 파출소,CVNTL_20_41500_00262,,경기도 이천시 대월면 대월로803번길 64,경기도 이천시 대월면 초지리 310-2,,경기남부청,이천,파출소,2022-07-11,,37.2245640000,127.4946600000
경기도,평택시,신장동,"41220112",생활편의형SOC,CVNTL,파출소,신장 파출소,CVNTL_20_41220_00286,,경기도 평택시 신서로 65,경기도 평택시 신장동 263-141,,경기남부청,평택,파출소,2022-07-11,,37.0724830000,127.0512500000
경기도,평택시,서정동,"41220101",생활편의형SOC,CVNTL,파출소,서정 파출소,CVNTL_20_41220_00285,,경기도 평택시 서정역로 34,경기도 평택시 서정동 332-35,,경기남부청,평택,지구대,2022-07-11,,37.0571400000,127.0561140000
경기도,양주시,덕계동,"41630116",생활편의형SOC,CVNTL,파출소,덕계 파출소,CVNTL_20_41630_00186,,경기도 양주시 평화로 1427,경기도 양주시 덕계동 681-31,,경기북부청,양주,파출소,2022-07-11,,37.8182450000,127.0456600000
경기도,포천시,이동면,"41650380",생활편의형SOC,CVNTL,파출소,이동 파출소,CVNTL_20_41650_00306,,경기도 포천시 이동면 화동로 2078,경기도 포천시 이동면 장암리 219-2,,경기북부청,포천,파출소,2022-07-11,,38.0332260000,127.3664550000
경기도,용인시 기흥구,중동,"41463116",생활편의형SOC,CVNTL,파출소,동백 파출소,CVNTL_20_41463_00232,,경기도 용인시 기흥구 동백6로 37,경기도 용인시 기흥구 중동 872-2,,경기남부청,용인동부,파출소,2022-07-11,,37.2775420000,127.1554900000
경기도,화성시,남양읍,"41590262",생활편의형SOC,CVNTL,파출소,남양 파출소,CVNTL_20_41590_00322,,경기도 화성시 남양읍 남양시장로 47,경기도 화성시 남양읍 남양리 651-8,,경기남부청,화성서부,파출소,2022-07-11,,37.2090150000,126.8146400000
경기도,화성시,마도면,"41590330",생활편의형SOC,CVNTL,파출소,마도 파출소,CVNTL_20_41590_00323,,경기도 화성시 마도면 석교로 179,경기도 화성시 마도면 석교리 228-2,,경기남부청,화성서부,파출소,2022-07-11,,37.2063000000,126.7745500000
경기도,화성시,팔탄면,"41590360",생활편의형SOC,CVNTL,파출소,팔탄 파출소,CVNTL_20_41590_00325,,경기도 화성시 팔탄면 서촌길 9,경기도 화성시 팔탄면 구장리 529-5,,경기남부청,화성서부,파출소,2022-07-11,,37.1605070000,126.9031400000
경기도,화성시,봉담읍,"41590253",생활편의형SOC,CVNTL,파출소,봉담 파출소,CVNTL_20_41590_00326,,경기도 화성시 봉담읍 와우로15번길 17,경기도 화성시 봉담읍 와우리 214-1,,경기남부청,화성서부,파출소,2022-07-11,,37.2166100000,126.9706950000
경기도,화성시,석우동,"41590128",생활편의형SOC,CVNTL,파출소,동탄 파출소,CVNTL_20_41590_00328,,경기도 화성시 노작로 226-1,경기도 화성시 석우동 59-1,,경기남부청,화성동부,지구대,2022-07-11,,37.2075040000,127.0774100000
경기도,화성시,서신면,"41590350",생활편의형SOC,CVNTL,파출소,서신 파출소,CVNTL_20_41590_00329,,경기도 화성시 서신면 매화1길 31,경기도 화성시 서신면 매화리 351-3,,경기남부청,화성서부,파출소,2022-07-11,,37.1702000000,126.7055700000
경기도,화성시,영천동,"41590131",생활편의형SOC,CVNTL,파출소,동탄2 파출소,CVNTL_20_41590_00327,,경기도 화성시 동탄영천로 70,경기도 화성시 영천동 668-1,,경기남부청,화성동부,파출소,2022-07-11,,37.2089700000,127.1039700000
경기도,수원시 권선구,권선동,"41113137",생활편의형SOC,CVNTL,파출소,권선 파출소,CVNTL_20_41113_00115,,경기도 수원시 권선구 권선로669번길 24-23,경기도 수원시 권선구 권선동 1012-1,,경기남부청,수원남부,파출소,2022-07-11,,37.2607668000,127.0263711000
경기도,고양시 일산동구,백석동,"41285106",생활편의형SOC,CVNTL,파출소,백석 파출소,CVNTL_20_41285_00015,,경기도 고양시 일산동구 장백로 76,경기도 고양시 일산동구 백석동 1338,,경기북부청,일산동부,지구대,2022-07-11,,37.6441540000,126.7852400000
경기도,고양시 일산동구,장항동,"41285104",생활편의형SOC,CVNTL,파출소,마두 파출소,CVNTL_20_41285_00016,,경기도 고양시 일산동구 노루목로 116,경기도 고양시 일산동구 장항동 899,,경기북부청,일산동부,지구대,2022-07-11,,37.6499600000,126.7784650000
경기도,광명시,광명동,"41210101",생활편의형SOC,CVNTL,파출소,광남 파출소,CVNTL_20_41210_00028,,경기도 광명시 목감로 34,경기도 광명시 광명동 759-7,,경기남부청,광명,지구대,2022-07-11,,37.4715270000,126.8456100000
경기도,고양시 일산동구,풍동,"41285107",생활편의형SOC,CVNTL,파출소,풍사 파출소,CVNTL_20_41285_00017,,경기도 고양시 일산동구 숲속마을로 54,경기도 고양시 일산동구 풍동 1271,,경기북부청,일산동부,파출소,2022-07-11,,37.6675870000,126.7973700000
경기도,고양시 덕양구,행신동,"41281128",생활편의형SOC,CVNTL,파출소,행신3 파출소,CVNTL_20_41281_00011,,경기도 고양시 덕양구 중앙로558번길 90,경기도 고양시 덕양구 행신동 931,,경기북부청,고양,파출소,2022-07-11,,37.6268100000,126.8389200000
경기도,고양시 덕양구,행신동,"41281128",생활편의형SOC,CVNTL,파출소,행신 파출소,CVNTL_20_41281_00012,,경기도 고양시 덕양구 중앙로 541-18,경기도 고양시 덕양구 행신동 991,,경기북부청,고양,지구대,2022-07-11,,37.6221120000,126.8357900000
경기도,고양시 덕양구,삼송동,"41281111",생활편의형SOC,CVNTL,파출소,신도 파출소,CVNTL_20_41281_00014,,경기도 고양시 덕양구 신도길 6,경기도 고양시 덕양구 삼송동 30-27,,경기북부청,고양,파출소,2022-07-11,,37.6528550000,126.8939200000
경기도,성남시 분당구,야탑동,"41135107",생활편의형SOC,CVNTL,파출소,야탑 파출소,CVNTL_20_41135_00094,,경기도 성남시 분당구 야탑로 76,경기도 성남시 분당구 야탑동 505,,경기남부청,분당,지구대,2022-07-11,,37.4096450000,127.1273800000
경기도,수원시 영통구,망포동,"41117107",생활편의형SOC,CVNTL,파출소,태장 파출소,CVNTL_20_41117_00121,,경기도 수원시 영통구 영통로 143,경기도 수원시 영통구 망포동 396-1,,경기남부청,수원남부,파출소,2022-07-11,,37.2403640000,127.0554200000
경기도,고양시 일산서구,탄현동,"41287103",생활편의형SOC,CVNTL,파출소,탄현 파출소,CVNTL_20_41287_00019,,경기도 고양시 일산서구 현중로36번길 1,경기도 고양시 일산서구 탄현동 1488,,경기북부청,일산서부,지구대,2022-07-11,,37.6942060000,126.7678700000
경기도,평택시,오성면,"41220340",생활편의형SOC,CVNTL,파출소,오성 파출소,CVNTL_20_41220_00294,,경기도 평택시 오성면 숙성시장길 71,경기도 평택시 오성면 숙성리 35-3,,경기남부청,평택,파출소,2022-07-11,,37.0089260000,126.9855350000
경기도,평택시,고덕동,"41220128",생활편의형SOC,CVNTL,파출소,고덕 파출소,CVNTL_20_41220_00295,,경기도 평택시 고덕면 고덕로 297,경기도 평택시 고덕면 좌교리 384-5,,경기남부청,평택,파출소,2022-07-11,,37.0432050000,127.0189740000
경기도,안양시 동안구,호계동,"41173104",생활편의형SOC,CVNTL,파출소,갈산 파출소,CVNTL_20_41173_00176,,경기도 안양시 동안구 흥안대로223번길 30-1,경기도 안양시 동안구 호계동 1118-1,,경기남부청,안양동안,지구대,2022-07-11,,37.3763300000,126.9662200000
경기도,안양시 동안구,호계동,"41173104",생활편의형SOC,CVNTL,파출소,범계 파출소,CVNTL_20_41173_00180,,경기도 안양시 동안구 평촌대로217번길 57,경기도 안양시 동안구 호계동 1051-2,,경기남부청,안양동안,파출소,2022-07-11,,37.3898930000,126.9527100000
경기도,안양시 동안구,비산동,"41173101",생활편의형SOC,CVNTL,파출소,비산 파출소,CVNTL_20_41173_00178,,경기도 안양시 동안구 관악대로 125,경기도 안양시 동안구 비산동 459-57,,경기남부청,안양동안,지구대,2022-07-11,,37.3991130000,126.9380500000
경기도,안양시 만안구,박달동,"41171103",생활편의형SOC,CVNTL,파출소,박달 파출소,CVNTL_20_41171_00182,,경기도 안양시 만안구 박달로 492,경기도 안양시 만안구 박달동 94-136,,경기남부청,안양만안,지구대,2022-07-11,,37.4022300000,126.9071700000
경기도,성남시 분당구,서현동,"41135105",생활편의형SOC,CVNTL,파출소,서현 파출소,CVNTL_20_41135_00091,,경기도 성남시 분당구 중앙공원로31번길 30,경기도 성남시 분당구 서현동 89-5,,경기남부청,분당,지구대,2022-07-11,,37.3823170000,127.1262740000
경기도,고양시 일산서구,가좌동,"41287106",생활편의형SOC,CVNTL,파출소,가좌 파출소,CVNTL_20_41287_00020,,경기도 고양시 일산서구 가좌로 24,경기도 고양시 일산서구 가좌동 134-7,,경기북부청,일산서부,파출소,2022-07-11,,37.6913340000,126.7232500000
경기도,평택시,서탄면,"41220320",생활편의형SOC,CVNTL,파출소,서탄 파출소,CVNTL_20_41220_00281,,경기도 평택시 서탄면 서탄로 280,경기도 평택시 서탄면 금암리 251-2,,경기남부청,평택,파출소,2022-07-11,,37.1080740000,127.0339000000
경기도,고양시 일산서구,주엽동,"41287102",생활편의형SOC,CVNTL,파출소,주엽 파출소,CVNTL_20_41287_00021,,경기도 고양시 일산서구 강성로 107,경기도 고양시 일산서구 주엽동 70,,경기북부청,일산서부,지구대,2022-07-11,,37.6700300000,126.7634700000
경기도,안양시 만안구,안양동,"41171101",생활편의형SOC,CVNTL,파출소,안양 파출소,CVNTL_20_41171_00183,,경기도 안양시 만안구 만안로 232,경기도 안양시 만안구 안양동 88-1,,경기남부청,안양만안,지구대,2022-07-11,,37.4017750000,126.9226600000
경기도,안양시 만안구,안양동,"41171101",생활편의형SOC,CVNTL,파출소,명학 파출소,CVNTL_20_41171_00184,,경기도 안양시 만안구 안양로170번길 20,경기도 안양시 만안구 안양동 441-1,,경기남부청,안양만안,지구대,2022-07-11,,37.3896100000,126.9304600000
경기도,안양시 만안구,안양동,"41171101",생활편의형SOC,CVNTL,파출소,석수 파출소,CVNTL_20_41171_00185,,경기도 안양시 만안구 경수대로 1161,경기도 안양시 만안구 안양동 42-17,,경기남부청,안양만안,지구대,2022-07-11,,37.4147380000,126.9183960000
경기도,광명시,하안동,"41210103",생활편의형SOC,CVNTL,파출소,하안 파출소,CVNTL_20_41210_00025,,경기도 광명시 범안로 1027,경기도 광명시 하안동 650-5,,경기남부청,광명,지구대,2022-07-11,,37.4615700000,126.8773040000
경기도,안산시 상록구,본오동,"41271104",생활편의형SOC,CVNTL,파출소,본오1 파출소,CVNTL_20_41271_00159,,경기도 안산시 상록구 샘골로 11,경기도 안산시 상록구 본오동 1153-1,,경기남부청,안산상록,파출소,2022-07-11,,37.2848500000,126.8635250000
경기도,의정부시,신곡동,"41150104",생활편의형SOC,CVNTL,파출소,금오 파출소,CVNTL_20_41150_00250,,경기도 의정부시 추동로108번길 1,경기도 의정부시 신곡동 804-1,,경기북부청,의정부,지구대,2022-07-11,,37.7476400000,127.0664300000
경기도,안산시 상록구,수암동,"41271113",생활편의형SOC,CVNTL,파출소,수암 파출소,CVNTL_20_41271_00160,,경기도 안산시 상록구 수인로 2026,경기도 안산시 상록구 수암동 502,,경기남부청,안산상록,파출소,2022-07-11,,37.3639530000,126.8764100000
경기도,성남시 분당구,수내동,"41135102",생활편의형SOC,CVNTL,파출소,수내 파출소,CVNTL_20_41135_00092,,경기도 성남시 분당구 불정로 253,경기도 성남시 분당구 수내동 85,,경기남부청,분당,파출소,2022-07-11,,37.3667560000,127.1263000000
경기도,부천시,약대동,"41190105",생활편의형SOC,CVNTL,파출소,약대 파출소,CVNTL_20_41190_00080,,경기도 부천시 중동로388번길 6,경기도 부천시 약대동 97-1,,경기남부청,부천원미,파출소,2022-07-11,,37.5143620000,126.7704240000
경기도,안산시 상록구,사동,"41271103",생활편의형SOC,CVNTL,파출소,사동 파출소,CVNTL_20_41271_00161,,경기도 안산시 상록구 석호로 175,경기도 안산시 상록구 사동 1304-1,,경기남부청,안산상록,지구대,2022-07-11,,37.2969060000,126.8512100000
경기도,평택시,신장동,"41220112",생활편의형SOC,CVNTL,파출소,송탄 파출소,CVNTL_20_41220_00282,,경기도 평택시 탄현로 331,경기도 평택시 신장동 211-7,,경기남부청,평택,파출소,2022-07-11,,37.0817680000,127.0560000000
경기도,수원시 영통구,이의동,"41117103",생활편의형SOC,CVNTL,파출소,광교 파출소,CVNTL_20_41117_00120,,경기도 수원시 영통구 에듀타운로 82,경기도 수원시 영통구 이의동 1347-6,,경기남부청,수원남부,파출소,2022-07-11,,37.2885550000,127.0476460000
경기도,평택시,청북읍,"41220259",생활편의형SOC,CVNTL,파출소,청북 파출소,CVNTL_20_41220_00283,,경기도 평택시 청북읍 신포길 38,경기도 평택시 청북읍 현곡리 291-7,,경기남부청,평택,파출소,2022-07-11,,37.0395550000,126.9343200000
경기도,부천시,소사본동,"41190110",생활편의형SOC,CVNTL,파출소,소사 파출소,CVNTL_20_41190_00082,,경기도 부천시 경인로 363,경기도 부천시 소사본동 51,,경기남부청,부천소사,지구대,2022-07-11,,37.4828100000,126.7960200000
경기도,평택시,팽성읍,"41220250",생활편의형SOC,CVNTL,파출소,팽성 파출소,CVNTL_20_41220_00284,,경기도 평택시 팽성읍 동서촌로 93,경기도 평택시 팽성읍 객사리 47-3,,경기남부청,평택,파출소,2022-07-11,,36.9647370000,127.0626200000
경기도,평택시,안중읍,"41220253",생활편의형SOC,CVNTL,파출소,안중 파출소,CVNTL_20_41220_00287,,경기도 평택시 안중읍 현화중앙길 71,경기도 평택시 안중읍 현화리 823-3,,경기남부청,평택,파출소,2022-07-11,,36.9850400000,126.9205250000
경기도,평택시,진위면,"41220310",생활편의형SOC,CVNTL,파출소,진위 파출소,CVNTL_20_41220_00288,,경기도 평택시 진위면 경기대로 1856,경기도 평택시 진위면 하북리 143-1,,경기남부청,평택,파출소,2022-07-11,,37.1102140000,127.0635500000
경기도,평택시,포승읍,"41220256",생활편의형SOC,CVNTL,파출소,포승 파출소,CVNTL_20_41220_00289,,경기도 평택시 포승읍 서동대로 1150,경기도 평택시 포승읍 방림리 산 73-4,,경기남부청,평택,파출소,2022-07-11,,36.9823700000,126.8820500000
경기도,평택시,포승읍,"41220256",생활편의형SOC,CVNTL,파출소,만호 파출소,CVNTL_20_41220_00290,,경기도 평택시 포승읍 평택항로 170,경기도 평택시 포승읍 만호리 578-8,,경기남부청,평택,파출소,2022-07-11,,36.9742700000,126.8436900000
경기도,평택시,현덕면,"41220370",생활편의형SOC,CVNTL,파출소,현덕 파출소,CVNTL_20_41220_00291,,경기도 평택시 현덕면 안현로 144,경기도 평택시 현덕면 도대리 17-107,,경기남부청,평택,파출소,2022-07-11,,36.9647300000,126.9186550000
경기도,부천시,송내동,"41190114",생활편의형SOC,CVNTL,파출소,송내 파출소,CVNTL_20_41190_00087,,경기도 부천시 성주로 147,경기도 부천시 송내동 611-2,,경기남부청,부천소사,지구대,2022-07-11,,37.4793550000,126.7726900000
경기도,부천시,고강동,"41190121",생활편의형SOC,CVNTL,파출소,고강 파출소,CVNTL_20_41190_00088,,경기도 부천시 역곡로 519,경기도 부천시 고강동 276-1,,경기남부청,부천오정,파출소,2022-07-11,,37.5309700000,126.8157350000
경기도,여주시,세종대왕면,"41670345",생활편의형SOC,CVNTL,파출소,세종대왕파출소,CVNTL_20_41670_00209,,경기도 여주시 세종대왕면 마장로 61,경기도 여주시 세종대왕면 번도리 499-39,,경기남부청,여주,파출소,2022-07-11,,37.2992820000,127.5720000000
경기도,부천시,심곡동,"41190102",생활편의형SOC,CVNTL,파출소,중앙 파출소,CVNTL_20_41190_00089,,경기도 부천시 장말로 337,경기도 부천시 심곡동 428-2,,경기남부청,부천원미,지구대,2022-07-11,,37.4909970000,126.7798840000
경기도,부천시,원종동,"41190120",생활편의형SOC,CVNTL,파출소,원종 파출소,CVNTL_20_41190_00090,,경기도 부천시 소사로 778,경기도 부천시 원종동 233-11,,경기남부청,부천오정,지구대,2022-07-11,,37.5255600000,126.8052440000
경기도,안산시 단원구,선부동,"41273109",생활편의형SOC,CVNTL,파출소,선부파출소,CVNTL_20_41273_00149,,경기도 안산시 단원구 선부광장1로 150,경기도 안산시 단원구 선부동 1072-5,,경기남부청,안산단원,파출소,2022-07-11,,37.3320350000,126.8091800000
경기도,안산시 단원구,선부동,"41273109",생활편의형SOC,CVNTL,파출소,선부 파출소,CVNTL_20_41273_00155,,경기도 안산시 단원구 선부광장1로 150,경기도 안산시 단원구 선부동 1072-5,,경기남부청,안산단원,파출소,2022-07-11,,37.3320350000,126.8091800000
경기도,의정부시,민락동,"41150106",생활편의형SOC,CVNTL,파출소,송산 파출소,CVNTL_20_41150_00254,,경기도 의정부시 용민로 119,경기도 의정부시 민락동 743-1,,경기북부청,의정부,파출소,2022-07-11,,37.7400300000,127.0901800000
경기도,고양시 일산서구,대화동,"41287104",생활편의형SOC,CVNTL,파출소,대화 파출소,CVNTL_20_41287_00022,,경기도 고양시 일산서구 일산로 670,경기도 고양시 일산서구 대화동 2036,,경기북부청,일산서부,지구대,2022-07-11,,37.6828770000,126.7546600000
경기도,안산시 상록구,부곡동,"41271107",생활편의형SOC,CVNTL,파출소,부곡 파출소,CVNTL_20_41271_00164,,경기도 안산시 상록구 성호로 324,경기도 안산시 상록구 부곡동 671-11,,경기남부청,안산상록,파출소,2022-07-11,,37.3315620000,126.8608200000
경기도,평택시,통복동,"41220114",생활편의형SOC,CVNTL,파출소,평택 파출소,CVNTL_20_41220_00292,,경기도 평택시 중앙1로 23,경기도 평택시 통복동 73-1,,경기남부청,평택,지구대,2022-07-11,,36.9983940000,127.0856250000
경기도,고양시 일산동구,중산동,"41285102",생활편의형SOC,CVNTL,파출소,중산 파출소,CVNTL_20_41285_00018,,경기도 고양시 일산동구 중산로 220,경기도 고양시 일산동구 중산동 1573-5,,경기북부청,일산동부,파출소,2022-07-11,,37.6915970000,126.7804700000
경기도,안양시 동안구,관양동,"41173102",생활편의형SOC,CVNTL,파출소,인덕원 파출소,CVNTL_20_41173_00181,,경기도 안양시 동안구 동편로 190,경기도 안양시 동안구 관양동 1730,,경기남부청,안양동안,지구대,2022-07-11,,37.4061360000,126.9701000000
경기도,안산시 단원구,고잔동,"41273101",생활편의형SOC,CVNTL,파출소,안산단원경찰서,CVNTL_20_41273_00156,,경기도 안산시 단원구 화랑로 373,경기도 안산시 단원구 고잔동 514,,경기남부청,안산단원,파출소,2022-07-11,,37.3216300000,126.8288650000
경기도,안양시 동안구,평촌동,"41173103",생활편의형SOC,CVNTL,파출소,평안 파출소,CVNTL_20_41173_00179,,경기도 안양시 동안구 관평로138번길 43,경기도 안양시 동안구 평촌동 896-5,,경기남부청,안양동안,파출소,2022-07-11,,37.3903540000,126.9644200000
경기도,평택시,비전동,"41220118",생활편의형SOC,CVNTL,파출소,비전 파출소,CVNTL_20_41220_00293,,경기도 평택시 평택5로 189,경기도 평택시 비전동 819-1,,경기남부청,평택,파출소,2022-07-11,,36.9963650000,127.1030100000
경기도,의정부시,의정부동,"41150101",생활편의형SOC,CVNTL,파출소,신곡 파출소,CVNTL_20_41150_00251,,경기도 의정부시 경의로 119,경기도 의정부시 의정부동 368,,경기북부청,의정부,지구대,2022-07-11,,37.7333200000,127.0493200000
경기도,성남시 분당구,삼평동,"41135109",생활편의형SOC,CVNTL,파출소,동판교 파출소,CVNTL_20_41135_00093,,경기도 성남시 분당구 동판교로266번길 24,경기도 성남시 분당구 삼평동 716,,경기남부청,분당,파출소,2022-07-11,,37.4065500000,127.1157460000
경기도,수원시 권선구,권선동,"41113137",생활편의형SOC,CVNTL,파출소,곡선 파출소,CVNTL_20_41113_00116,,경기도 수원시 권선구 권중로 77,경기도 수원시 권선구 권선동 1268,,경기남부청,수원남부,지구대,2022-07-11,,37.2518460000,127.0300140000
경기도,수원시 권선구,금곡동,"41113134",생활편의형SOC,CVNTL,파출소,호매실 파출소,CVNTL_20_41113_00117,,경기도 수원시 권선구 금곡로 190,경기도 수원시 권선구 금곡동 331,,경기남부청,수원서부,파출소,2022-07-11,,37.2732000000,126.9514500000
경기도,성남시 중원구,금광동,"41133103",생활편의형SOC,CVNTL,파출소,금광 파출소,CVNTL_20_41133_00107,,경기도 성남시 중원구 광명로323번길 26,경기도 성남시 중원구 금광동 3464,,경기남부청,성남중원,지구대,2022-07-11,,37.4473570000,127.1613850000
경기도,수원시 장안구,파장동,"41111129",생활편의형SOC,CVNTL,파출소,노송 파출소,CVNTL_20_41111_00125,,경기도 수원시 장안구 이목로 58,경기도 수원시 장안구 파장동 566-14,,경기남부청,수원중부,지구대,2022-07-11,,37.3103830000,126.9880450000
경기도,성남시 수정구,수진동,"41131103",생활편의형SOC,CVNTL,파출소,수진 파출소,CVNTL_20_41131_00099,,경기도 성남시 수정구 모란로 1,경기도 성남시 수정구 수진동 4795,,경기남부청,성남수정,지구대,2022-07-11,,37.4338200000,127.1284200000
경기도,성남시 수정구,수진동,"41131103",생활편의형SOC,CVNTL,파출소,수진1 파출소,CVNTL_20_41131_00100,,경기도 성남시 수정구 탄리로 21,경기도 성남시 수정구 수진동 1921,,경기남부청,성남수정,파출소,2022-07-11,,37.4386630000,127.1388850000
경기도,수원시 팔달구,고등동,"41115137",생활편의형SOC,CVNTL,파출소,고등 파출소,CVNTL_20_41115_00131,,경기도 수원시 팔달구 고등로 50,경기도 수원시 팔달구 고등동 105-25,,경기남부청,수원서부,파출소,2022-07-11,,37.2730300000,127.0024800000
경기도,수원시 팔달구,지동,"41115139",생활편의형SOC,CVNTL,파출소,동부 파출소,CVNTL_20_41115_00132,,경기도 수원시 팔달구 경수대로 621,경기도 수원시 팔달구 지동 480-6,,경기남부청,수원중부,파출소,2022-07-11,,37.2809330000,127.0296600000
경기도,수원시 권선구,고색동,"41113128",생활편의형SOC,CVNTL,파출소,고색 파출소,CVNTL_20_41113_00118,,경기도 수원시 권선구 매송고색로 750,경기도 수원시 권선구 고색동 146-7,,경기남부청,수원서부,파출소,2022-07-11,,37.2520200000,126.9863000000
경기도,화성시,우정읍,"41590256",생활편의형SOC,CVNTL,파출소,우정 파출소,CVNTL_20_41590_00315,,경기도 화성시 우정읍 조암남로 31,경기도 화성시 우정읍 조암리 265-3,,경기남부청,화성서부,파출소,2022-07-11,,37.0841450000,126.8185040000
경기도,성남시 분당구,금곡동,"41135111",생활편의형SOC,CVNTL,파출소,금곡 파출소,CVNTL_20_41135_00095,,경기도 성남시 분당구 성남대로171번길 12,경기도 성남시 분당구 금곡동 173,,경기남부청,분당,지구대,2022-07-11,,37.3516270000,127.1073100000
경기도,성남시 수정구,태평동,"41131102",생활편의형SOC,CVNTL,파출소,중앙 파출소,CVNTL_20_41131_00101,,경기도 성남시 수정구 수정로 145,경기도 성남시 수정구 태평동 3498-2,,경기남부청,성남수정,파출소,2022-07-11,,37.4424630000,127.1362600000
경기도,연천군,군남면,"41800310",생활편의형SOC,CVNTL,파출소,군남 파출소,CVNTL_20_41800_00219,,경기도 연천군 군남면 군남로 407,경기도 연천군 군남면 삼거리 400-4,,경기북부청,연천,파출소,2022-07-11,,38.0840760000,127.0188100000
경기도,가평군,가평읍,"41820250",생활편의형SOC,CVNTL,파출소,읍내 파출소,CVNTL_20_41820_00001,,경기도 가평군 가평읍 가화로 38,경기도 가평군 가평읍 대곡리 213-4,,경기북부청,가평,파출소,2022-07-11,,37.8234800000,127.5162700000
경기도,가평군,설악면,"41820310",생활편의형SOC,CVNTL,파출소,설악 파출소,CVNTL_20_41820_00002,,경기도 가평군 설악면 신천중앙로 115,경기도 가평군 설악면 신천리 434-4,,경기북부청,가평,파출소,2022-07-11,,37.6776540000,127.4907100000
경기도,가평군,청평면,"41820325",생활편의형SOC,CVNTL,파출소,청평 파출소,CVNTL_20_41820_00003,,경기도 가평군 청평면 청평중앙로 33,경기도 가평군 청평면 청평리 462-3,,경기북부청,가평,파출소,2022-07-11,,37.7373850000,127.4183040000
경기도,양평군,양평읍,"41830250",생활편의형SOC,CVNTL,파출소,양근 파출소,CVNTL_20_41830_00195,,경기도 양평군 양평읍 해오름길 11,경기도 양평군 양평읍 양근리 280,,경기남부청,양평,파출소,2022-07-11,,37.4885600000,127.4907600000
경기도,양평군,용문면,"41830400",생활편의형SOC,CVNTL,파출소,용문 파출소,CVNTL_20_41830_00196,,경기도 양평군 용문면 용문로 351,경기도 양평군 용문면 다문리 720-1,,경기남부청,양평,파출소,2022-07-11,,37.4840900000,127.5928650000
경기도,양평군,강하면,"41830320",생활편의형SOC,CVNTL,파출소,강하 파출소,CVNTL_20_41830_00197,,경기도 양평군 강하면 운심길 46,경기도 양평군 강하면 운심리 34-4,,경기남부청,양평,파출소,2022-07-11,,37.4958840000,127.4112200000
경기도,양평군,옥천면,"41830340",생활편의형SOC,CVNTL,파출소,옥천 파출소,CVNTL_20_41830_00198,,경기도 양평군 옥천면 옥천길 27,경기도 양평군 옥천면 옥천리 746-2,,경기남부청,양평,파출소,2022-07-11,,37.5184060000,127.4570000000
경기도,수원시 장안구,조원동,"41111136",생활편의형SOC,CVNTL,파출소,장안문 파출소,CVNTL_20_41111_00126,,경기도 수원시 장안구 송정로 113,경기도 수원시 장안구 조원동 680-1,,경기남부청,수원중부,지구대,2022-07-11,,37.2957840000,127.0095140000
경기도,안성시,금광면,"41550320",생활편의형SOC,CVNTL,파출소,금광 파출소,CVNTL_20_41550_00166,,경기도 안성시 금광면 금광초교길 38,경기도 안성시 금광면 금광리 93-5,,경기남부청,안성,파출소,2022-07-11,,37.0010450000,127.3226850000
경기도,안성시,공도읍,"41550250",생활편의형SOC,CVNTL,파출소,공도 파출소,CVNTL_20_41550_00167,,경기도 안성시 공도읍 공도4로 4,경기도 안성시 공도읍 만정리 793-2,,경기남부청,안성,지구대,2022-07-11,,37.0007700000,127.1727750000
경기도,성남시 중원구,상대원동,"41133105",생활편의형SOC,CVNTL,파출소,대원 파출소,CVNTL_20_41133_00111,,경기도 성남시 중원구 둔촌대로 439,경기도 성남시 중원구 상대원동 1437,,경기남부청,성남중원,파출소,2022-07-11,,37.4329640000,127.1657900000
경기도,성남시 중원구,상대원동,"41133105",생활편의형SOC,CVNTL,파출소,상대원2 파출소,CVNTL_20_41133_00112,,경기도 성남시 중원구 희망로 373,경기도 성남시 중원구 상대원동 3154-1,,경기남부청,성남중원,파출소,2022-07-11,,37.4391750000,127.1585850000
경기도,성남시 수정구,단대동,"41131104",생활편의형SOC,CVNTL,파출소,단대 파출소,CVNTL_20_41131_00104,,경기도 성남시 수정구 단대로 15,경기도 성남시 수정구 단대동 101-4,,경기남부청,성남수정,파출소,2022-07-11,,37.4524500000,127.1586600000
경기도,김포시,양촌읍,"41570256",생활편의형SOC,CVNTL,파출소,양촌 지구대,CVNTL_20_41570_00053,,경기도 김포시 양촌읍 양곡1로68번길 3,경기도 김포시 양촌읍 양곡리 449-8,,경기남부청,김포,파출소,2022-07-11,,37.6567840000,126.6234100000
경기도,화성시,비봉면,"41590320",생활편의형SOC,CVNTL,파출소,비봉 파출소,CVNTL_20_41590_00316,,경기도 화성시 비봉면 양노로 118,경기도 화성시 비봉면 양노리 255-3,,경기남부청,화성서부,파출소,2022-07-11,,37.2368900000,126.8742450000
경기도,화성시,매송면,"41590310",생활편의형SOC,CVNTL,파출소,매송 파출소,CVNTL_20_41590_00317,,경기도 화성시 매송면 화성로 2249,경기도 화성시 매송면 어천리 426-1,,경기남부청,화성서부,파출소,2022-07-11,,37.2499580000,126.9119200000
경기도,화성시,안녕동,"41590126",생활편의형SOC,CVNTL,파출소,안용 파출소,CVNTL_20_41590_00318,,경기도 화성시 용주로32번길 4,경기도 화성시 안녕동 22,,경기남부청,화성동부,파출소,2022-07-11,,37.2058450000,127.0133700000
경기도,화성시,정남면,"41590410",생활편의형SOC,CVNTL,파출소,정남 파출소,CVNTL_20_41590_00319,,경기도 화성시 정남면 만년로 582,경기도 화성시 정남면 괘랑리 921-1,,경기남부청,화성동부,파출소,2022-07-11,,37.1729770000,126.9839800000
경기도,화성시,송산면,"41590340",생활편의형SOC,CVNTL,파출소,송산 파출소,CVNTL_20_41590_00320,,경기도 화성시 송산면 송산포도로 98,경기도 화성시 송산면 사강리 638-1,,경기남부청,화성서부,파출소,2022-07-11,,37.2141720000,126.7381440000
경기도,화성시,양감면,"41590400",생활편의형SOC,CVNTL,파출소,양감 파출소,CVNTL_20_41590_00321,,경기도 화성시 양감면 은행나무로 263,경기도 화성시 양감면 신왕리 678-5,,경기남부청,화성서부,파출소,2022-07-11,,37.0815700000,126.9448100000
경기도,수원시 권선구,당수동,"41113141",생활편의형SOC,CVNTL,파출소,당수 파출소,CVNTL_20_41113_00119,,경기도 수원시 권선구 당진로32번길 28-4,경기도 수원시 권선구 당수동 159-1,,경기남부청,수원서부,파출소,2022-07-11,,37.2917140000,126.9417800000
경기도,수원시 영통구,영통동,"41117105",생활편의형SOC,CVNTL,파출소,영통 파출소,CVNTL_20_41117_00122,,경기도 수원시 영통구 청명로 92,경기도 수원시 영통구 영통동 1046-2,,경기남부청,수원남부,지구대,2022-07-11,,37.2548700000,127.0779340000
경기도,수원시 팔달구,인계동,"41115141",생활편의형SOC,CVNTL,파출소,매탄 파출소,CVNTL_20_41115_00133,,경기도 수원시 팔달구 동수원로 403,경기도 수원시 팔달구 인계동 1117,,경기남부청,수원남부,지구대,2022-07-11,,37.2651940000,127.0399550000
경기도,수원시 팔달구,인계동,"41115141",생활편의형SOC,CVNTL,파출소,인계 파출소,CVNTL_20_41115_00134,,경기도 수원시 팔달구 장다리로 312,경기도 수원시 팔달구 인계동 930-1,,경기남부청,수원남부,파출소,2022-07-11,,37.2757450000,127.0314500000
경기도,여주시,홍문동,"41670102",생활편의형SOC,CVNTL,파출소,홍문 파출소,CVNTL_20_41670_00211,,경기도 여주시 세종로 4,경기도 여주시 홍문동 15-2,,경기남부청,여주,지구대,2022-07-11,,37.2976260000,127.6368000000
경기도,성남시 수정구,산성동,"41131105",생활편의형SOC,CVNTL,파출소,산성 파출소,CVNTL_20_41131_00105,,경기도 성남시 수정구 수정남로 317,경기도 성남시 수정구 산성동 670,,경기남부청,성남수정,파출소,2022-07-11,,37.4561650000,127.1528900000
경기도,수원시 영통구,매탄동,"41117101",생활편의형SOC,CVNTL,파출소,산남 파출소,CVNTL_20_41117_00123,,경기도 수원시 영통구 매영로 93-18,경기도 수원시 영통구 매탄동 1213-2,,경기남부청,수원남부,지구대,2022-07-11,,37.2687030000,127.0530700000
경기도,의정부시,가능동,"41150110",생활편의형SOC,CVNTL,파출소,가능 파출소,CVNTL_20_41150_00253,,경기도 의정부시 호국로 1171,경기도 의정부시 가능동 238-6,,경기북부청,의정부,지구대,2022-07-11,,37.7434120000,127.0339400000
경기도,성남시 수정구,복정동,"41131107",생활편의형SOC,CVNTL,파출소,복정 파출소,CVNTL_20_41131_00106,,경기도 성남시 수정구 복정로 36,경기도 성남시 수정구 복정동 695,,경기남부청,성남수정,파출소,2022-07-11,,37.4561500000,127.1275400000
경기도,이천시,호법면,"41500330",생활편의형SOC,CVNTL,파출소,호법 파출소,CVNTL_20_41500_00255,,경기도 이천시 호법면 이섭대천로 547,경기도 이천시 호법면 후안리 265-1,,경기남부청,이천,파출소,2022-07-11,,37.2241900000,127.4282000000
경기도,이천시,장호원읍,"41500250",생활편의형SOC,CVNTL,파출소,장호원 파출소,CVNTL_20_41500_00256,,경기도 이천시 장호원읍 장감로 70,경기도 이천시 장호원읍 장호원리 99-4,,경기남부청,이천,파출소,2022-07-11,,37.1168750000,127.6305300000
경기도,수원시 장안구,연무동,"41111137",생활편의형SOC,CVNTL,파출소,창룡문 파출소,CVNTL_20_41111_00127,,경기도 수원시 장안구 경수대로 758,경기도 수원시 장안구 연무동 254-11,,경기남부청,수원중부,파출소,2022-07-11,,37.2910700000,127.0220300000
경기도,시흥시,정왕동,"41390132",생활편의형SOC,CVNTL,파출소,옥구 파출소,CVNTL_20_41390_00138,,경기도 시흥시 정왕대로118번길 1,경기도 시흥시 정왕동 1849-7,,경기남부청,시흥,지구대,2022-07-11,,37.3511600000,126.7287200000
경기도,시흥시,정왕동,"41390132",생활편의형SOC,CVNTL,파출소,정왕 파출소,CVNTL_20_41390_00139,,경기도 시흥시 정왕신길로 216,경기도 시흥시 정왕동 1800-10,,경기남부청,시흥,지구대,2022-07-11,,37.3487740000,126.7410200000
경기도,군포시,산본동,"41410104",생활편의형SOC,CVNTL,파출소,산본 파출소,CVNTL_20_41410_00043,,경기도 군포시 수리산로203번길 51,경기도 군포시 산본동 1105-4,,경기남부청,군포,지구대,2022-07-11,,37.3679050000,126.9265800000
경기도,용인시 기흥구,고매동,"41463108",생활편의형SOC,CVNTL,파출소,고매 파출소,CVNTL_20_41463_00228,,경기도 용인시 기흥구 동탄기흥로 715,경기도 용인시 기흥구 고매동 산 80-2,,경기남부청,용인동부,파출소,2022-07-11,,37.2232250000,127.0990600000
경기도,이천시,증포동,"41500109",생활편의형SOC,CVNTL,파출소,증포 파출소,CVNTL_20_41500_00257,,경기도 이천시 갈산로 19,경기도 이천시 증포동 157-4,,경기남부청,이천,파출소,2022-07-11,,37.2895400000,127.4552700000
경기도,안성시,도기동,"41550124",생활편의형SOC,CVNTL,파출소,양성 파출소,CVNTL_20_41550_00168,,경기도 안성시 양성면 장터길 35,경기도 안성시 양성면 동항리 291-3,,경기남부청,안성,파출소,2022-07-11,,37.0004300000,127.2490500000
경기도,양주시,만송동,"41630107",생활편의형SOC,CVNTL,파출소,고읍 파출소,CVNTL_20_41630_00187,,경기도 양주시 고읍로 83,경기도 양주시 만송동 695-3,,경기북부청,양주,파출소,2022-07-11,,37.7965300000,127.0809250000
경기도,포천시,선단동,"41650104",생활편의형SOC,CVNTL,파출소,선단 파출소,CVNTL_20_41650_00296,,경기도 포천시 송선로 279,경기도 포천시 선단동 834-2,,경기북부청,포천,파출소,2022-07-11,,37.8572700000,127.1503450000
경기도,포천시,가산면,"41650330",생활편의형SOC,CVNTL,파출소,가산 파출소,CVNTL_20_41650_00297,,경기도 포천시 가산면 가산로309번길 13,경기도 포천시 가산면 마산리 425-1,,경기북부청,포천,파출소,2022-07-11,,37.8463100000,127.1845900000
경기도,양평군,서종면,"41830350",생활편의형SOC,CVNTL,파출소,서종 파출소,CVNTL_20_41830_00199,,경기도 양평군 서종면 무내미길 45,경기도 양평군 서종면 문호리 779-2,,경기남부청,양평,파출소,2022-07-11,,37.6031880000,127.3520500000
경기도,양평군,강상면,"41830310",생활편의형SOC,CVNTL,파출소,강상 파출소,CVNTL_20_41830_00200,,경기도 양평군 강상면 양평대교길 91,경기도 양평군 강상면 교평리 449-7,,경기남부청,양평,파출소,2022-07-11,,37.4822600000,127.4850000000
경기도,양평군,양동면,"41830380",생활편의형SOC,CVNTL,파출소,양동 파출소,CVNTL_20_41830_00201,,경기도 양평군 양동면 학둔지아래길 72,경기도 양평군 양동면 쌍학리 228-5,,경기남부청,양평,파출소,2022-07-11,,37.4204560000,127.7529450000
경기도,양평군,청운면,"41830370",생활편의형SOC,CVNTL,파출소,청운 파출소,CVNTL_20_41830_00202,,경기도 양평군 청운면 용두로 140,경기도 양평군 청운면 용두리 659-3,,경기남부청,양평,파출소,2022-07-11,,37.5541300000,127.7086900000
경기도,포천시,화현면,"41650410",생활편의형SOC,CVNTL,파출소,화현 파출소,CVNTL_20_41650_00300,,경기도 포천시 화현면 화동로 329,경기도 포천시 화현면 화현리 796-10,,경기북부청,포천,파출소,2022-07-11,,37.8972850000,127.3015750000
경기도,포천시,신북면,"41650340",생활편의형SOC,CVNTL,파출소,신북 파출소,CVNTL_20_41650_00301,,경기도 포천시 신북면 호국로 2059,경기도 포천시 신북면 기지리 893-2,,경기북부청,포천,파출소,2022-07-11,,37.9334220000,127.2263260000
경기도,포천시,내촌면,"41650320",생활편의형SOC,CVNTL,파출소,내촌 파출소,CVNTL_20_41650_00302,,경기도 포천시 내촌면 내촌로 62,경기도 포천시 내촌면 내리 389-3,,경기북부청,포천,파출소,2022-07-11,,37.7855030000,127.2273560000
경기도,포천시,군내면,"41650310",생활편의형SOC,CVNTL,파출소,군내 파출소,CVNTL_20_41650_00303,,경기도 포천시 군내면 청군로 3280,경기도 포천시 군내면 구읍리 214-3,,경기북부청,포천,파출소,2022-07-11,,37.8876400000,127.2182400000
경기도,포천시,일동면,"41650370",생활편의형SOC,CVNTL,파출소,일동 파출소,CVNTL_20_41650_00304,,경기도 포천시 일동면 화동로 1023,경기도 포천시 일동면 기산리 285-6,,경기북부청,포천,파출소,2022-07-11,,37.9551500000,127.3157200000
경기도,시흥시,은행동,"41390106",생활편의형SOC,CVNTL,파출소,은행 파출소,CVNTL_20_41390_00140,,경기도 시흥시 은행로 148,경기도 시흥시 은행동 541-1,,경기남부청,시흥,파출소,2022-07-11,,37.4443050000,126.7999300000
경기도,안성시,석정동,"41550118",생활편의형SOC,CVNTL,파출소,중앙 파출소,CVNTL_20_41550_00169,,경기도 안성시 석정1길 15,경기도 안성시 석정동 256-2,,경기남부청,안성,지구대,2022-07-11,,37.0094260000,127.2621500000
경기도,의왕시,청계동,"41430108",생활편의형SOC,CVNTL,파출소,청계 파출소,CVNTL_20_41430_00246,,경기도 의왕시 안양판교로 227,경기도 의왕시 청계동 992,,경기남부청,의왕,파출소,2022-07-11,,37.3894700000,126.9964200000
경기도,안성시,죽산면,"41550400",생활편의형SOC,CVNTL,파출소,죽산 파출소,CVNTL_20_41550_00172,,경기도 안성시 죽산면 죽주로 241,경기도 안성시 죽산면 죽산리 432-7,,경기남부청,안성,파출소,2022-07-11,,37.0749860000,127.4218750000
경기도,안성시,대덕면,"41550350",생활편의형SOC,CVNTL,파출소,대덕 파출소,CVNTL_20_41550_00173,,경기도 안성시 대덕면 중앙로 78,경기도 안성시 대덕면 건지리 420-4,,경기남부청,안성,파출소,2022-07-11,,37.0125700000,127.2374650000
경기도,양주시,은현면,"41630310",생활편의형SOC,CVNTL,파출소,은현 파출소,CVNTL_20_41630_00188,,경기도 양주시 은현면 은현로55번길 6,경기도 양주시 은현면 선암리 336-3,,경기북부청,양주,파출소,2022-07-11,,37.8741700000,127.0233460000
경기도,포천시,관인면,"41650400",생활편의형SOC,CVNTL,파출소,관인 파출소,CVNTL_20_41650_00305,,경기도 포천시 관인면 관인로 15,경기도 포천시 관인면 탄동리 664-2,,경기북부청,포천,파출소,2022-07-11,,38.1573370000,127.2505950000
경기도,양주시,덕정동,"41630110",생활편의형SOC,CVNTL,파출소,회천 파출소,CVNTL_20_41630_00189,,경기도 양주시 회정로 133,경기도 양주시 덕정동 206-3,,경기북부청,양주,지구대,2022-07-11,,37.8376960000,127.0680500000
경기도,파주시,파주읍,"41480253",생활편의형SOC,CVNTL,파출소,파주 파출소,CVNTL_20_41480_00268,,경기도 파주시 파주읍 향교말길 26,경기도 파주시 파주읍 파주리 431-1,,경기북부청,파주,파출소,2022-07-11,,37.8329200000,126.8158600000
경기도,이천시,신둔면,"41500310",생활편의형SOC,CVNTL,파출소,신둔 파출소,CVNTL_20_41500_00258,,경기도 이천시 신둔면 경충대로 3162,경기도 이천시 신둔면 수광리 271-2,,경기남부청,이천,파출소,2022-07-11,,37.3086400000,127.4024100000
경기도,포천시,영중면,"41650360",생활편의형SOC,CVNTL,파출소,영중 파출소,CVNTL_20_41650_00307,,경기도 포천시 영중면 양문로 109,경기도 포천시 영중면 양문리 847-7,,경기북부청,포천,파출소,2022-07-11,,38.0025630000,127.2427900000
경기도,포천시,창수면,"41650350",생활편의형SOC,CVNTL,파출소,창수 파출소,CVNTL_20_41650_00308,,경기도 포천시 창수면 메치골로 174,경기도 포천시 창수면 주원리 249-2,,경기북부청,포천,파출소,2022-07-11,,37.9910900000,127.1892850000
경기도,포천시,영북면,"41650390",생활편의형SOC,CVNTL,파출소,영북 파출소,CVNTL_20_41650_00309,,경기도 포천시 영북면 운천로 4,경기도 포천시 영북면 운천리 505-2,,경기북부청,포천,파출소,2022-07-11,,38.0917240000,127.2738900000
경기도,용인시 기흥구,언남동,"41463112",생활편의형SOC,CVNTL,파출소,구성 파출소,CVNTL_20_41463_00229,,경기도 용인시 기흥구 구성로 68,경기도 용인시 기흥구 언남동 375-3,,경기남부청,용인서부,파출소,2022-07-11,,37.2947000000,127.1169800000
경기도,파주시,문산읍,"41480250",생활편의형SOC,CVNTL,파출소,문산 파출소,CVNTL_20_41480_00269,,경기도 파주시 문산읍 개포래로 50-4,경기도 파주시 문산읍 문산리 31-3,,경기북부청,파주,파출소,2022-07-11,,37.8540840000,126.7833500000
경기도,이천시,창전동,"41500101",생활편의형SOC,CVNTL,파출소,창전 파출소,CVNTL_20_41500_00259,,경기도 이천시 영창로 171,경기도 이천시 창전동 152-19,,경기남부청,이천,지구대,2022-07-11,,37.2817000000,127.4416660000
경기도,안성시,보개면,"41550310",생활편의형SOC,CVNTL,파출소,보개 파출소,CVNTL_20_41550_00174,,경기도 안성시 보개면 보개원삼로 220-1,경기도 안성시 보개면 불현리 42-9,,경기남부청,안성,파출소,2022-07-11,,37.0225700000,127.2900160000
경기도,파주시,파평면,"41480360",생활편의형SOC,CVNTL,파출소,파평 파출소,CVNTL_20_41480_00270,,경기도 파주시 파평면 청송로 198,경기도 파주시 파평면 금파리 303-1,,경기북부청,파주,파출소,2022-07-11,,37.9225800000,126.8398300000
경기도,파주시,탄현면,"41480320",생활편의형SOC,CVNTL,파출소,탄현 파출소,CVNTL_20_41480_00271,,경기도 파주시 탄현면 방촌로 669,경기도 파주시 탄현면 축현리 492-3,,경기북부청,파주,파출소,2022-07-11,,37.8039320000,126.7183800000
경기도,파주시,적성면,"41480370",생활편의형SOC,CVNTL,파출소,적성 파출소,CVNTL_20_41480_00272,,경기도 파주시 적성면 청송로 1003,경기도 파주시 적성면 마지리 48-2,,경기북부청,파주,파출소,2022-07-11,,37.9534070000,126.9169540000
경기도,파주시,법원읍,"41480256",생활편의형SOC,CVNTL,파출소,법원 파출소,CVNTL_20_41480_00273,,경기도 파주시 법원읍 사임당로905번길 40,경기도 파주시 법원읍 법원리 449-9,,경기북부청,파주,파출소,2022-07-11,,37.8490600000,126.8798600000
경기도,김포시,고촌읍,"41570253",생활편의형SOC,CVNTL,파출소,고촌 파출소,CVNTL_20_41570_00055,,경기도 김포시 고촌읍 수기로 61,경기도 김포시 고촌읍 신곡리 1250-1,,경기남부청,김포,파출소,2022-07-11,,37.5978780000,126.7660700000
경기도,광주시,경안동,"41610101",생활편의형SOC,CVNTL,파출소,경안 파출소,CVNTL_20_41610_00036,,경기도 광주시 중앙로 137,경기도 광주시 경안동 72-2,,경기남부청,광주,지구대,2022-07-11,,37.4117200000,127.2568100000
경기도,양주시,백석읍,"41630250",생활편의형SOC,CVNTL,파출소,백석 파출소,CVNTL_20_41630_00191,,경기도 양주시 백석읍 꿈나무로 142,경기도 양주시 백석읍 오산리 36-5,,경기북부청,양주,파출소,2022-07-11,,37.7965050000,126.9905100000
경기도,양주시,광적면,"41630330",생활편의형SOC,CVNTL,파출소,광적 파출소,CVNTL_20_41630_00192,,경기도 양주시 광적면 가래비길 54,경기도 양주시 광적면 가납리 741-2,,경기북부청,양주,파출소,2022-07-11,,37.8233640000,126.9862600000
경기도,양주시,장흥면,"41630340",생활편의형SOC,CVNTL,파출소,장흥 파출소,CVNTL_20_41630_00193,,경기도 양주시 장흥면 호국로 179,경기도 양주시 장흥면 일영리 139-4,,경기북부청,양주,파출소,2022-07-11,,37.7170800000,126.9408600000
경기도,김포시,풍무동,"41570107",생활편의형SOC,CVNTL,파출소,풍무 파출소,CVNTL_20_41570_00056,,경기도 김포시 양도로 53,경기도 김포시 풍무동 154-6,,경기남부청,김포,파출소,2022-07-11,,37.6070750000,126.7285500000
경기도,김포시,사우동,"41570106",생활편의형SOC,CVNTL,파출소,사우 파출소,CVNTL_20_41570_00057,,경기도 김포시 사우중로 35-5,경기도 김포시 사우동 246,,경기남부청,김포,지구대,2022-07-11,,37.6184540000,126.7177050000
경기도,연천군,왕징면,"41800350",생활편의형SOC,CVNTL,파출소,왕징 파출소,CVNTL_20_41800_00222,,경기도 연천군 왕징면 왕산로28번길 3,경기도 연천군 왕징면 무등리 17-2,,경기북부청,연천,파출소,2022-07-11,,38.0573160000,127.0131600000
경기도,화성시,진안동,"41590116",생활편의형SOC,CVNTL,파출소,태안 파출소,CVNTL_20_41590_00330,,경기도 화성시 떡전골로 112-2,경기도 화성시 진안동 525-30,,경기남부청,화성동부,지구대,2022-07-11,,37.2084160000,127.0333000000
경기도,용인시 처인구,원삼면,"41461340",생활편의형SOC,CVNTL,파출소,원삼 파출소,CVNTL_20_41461_00237,,경기도 용인시 처인구 원삼면 고당로15번길 1,경기도 용인시 처인구 원삼면 고당리 71-6,,경기남부청,용인동부,파출소,2022-07-11,,37.1648860000,127.3112100000
경기도,용인시 처인구,포곡읍,"41461250",생활편의형SOC,CVNTL,파출소,포곡 파출소,CVNTL_20_41461_00239,,경기도 용인시 처인구 포곡읍 포곡로278번길 3,경기도 용인시 처인구 포곡읍 삼계리 561-5,,경기남부청,용인동부,파출소,2022-07-11,,37.2793460000,127.2321300000
경기도,의왕시,삼동,"41430103",생활편의형SOC,CVNTL,파출소,부곡 파출소,CVNTL_20_41430_00248,,경기도 의왕시 한백이길 3,경기도 의왕시 삼동 460-95,,경기남부청,의왕,파출소,2022-07-11,,37.3224220000,126.9489700000
경기도,오산시,궐동,"41370104",생활편의형SOC,CVNTL,파출소,궐동 파출소,CVNTL_20_41370_00224,,경기도 오산시 오산로 371,경기도 오산시 궐동 13-7,,경기남부청,화성동부,파출소,2022-07-11,,37.1596950000,127.0661100000
경기도,시흥시,거모동,"41390127",생활편의형SOC,CVNTL,파출소,군자 파출소,CVNTL_20_41390_00142,,경기도 시흥시 군자로 513,경기도 시흥시 거모동 1757-6,,경기남부청,시흥,파출소,2022-07-11,,37.3442730000,126.7853240000
경기도,용인시 기흥구,신갈동,"41463101",생활편의형SOC,CVNTL,파출소,구갈 파출소,CVNTL_20_41463_00230,,경기도 용인시 기흥구 관곡로 41,경기도 용인시 기흥구 신갈동 164-3,,경기남부청,용인동부,지구대,2022-07-11,,37.2832680000,127.1104660000
경기도,용인시 기흥구,신갈동,"41463101",생활편의형SOC,CVNTL,파출소,상갈 파출소,CVNTL_20_41463_00231,,경기도 용인시 기흥구 중부대로 380,경기도 용인시 기흥구 신갈동 68-2,,경기남부청,용인동부,파출소,2022-07-11,,37.2715720000,127.1092000000
경기도,이천시,설성면,"41500370",생활편의형SOC,CVNTL,파출소,설성 파출소,CVNTL_20_41500_00260,,경기도 이천시 설성면 설장로17번길 6-1,경기도 이천시 설성면 금당리 126-5,,경기남부청,이천,파출소,2022-07-11,,37.1327060000,127.5210800000
경기도,파주시,교하동,"41480107",생활편의형SOC,CVNTL,파출소,교하 파출소,CVNTL_20_41480_00274,,경기도 파주시 교하로 1431-2,경기도 파주시 교하동 산 16-4,,경기북부청,파주,파출소,2022-07-11,,37.7522620000,126.7505200000
경기도,남양주시,호평동,"41360101",생활편의형SOC,CVNTL,파출소,호평 파출소,CVNTL_20_41360_00059,,경기도 남양주시 호평로68번길 11,경기도 남양주시 호평동 670,,경기북부청,남양주,파출소,2022-07-11,,37.6551860000,127.2485400000
경기도,남양주시,화도읍,"41360256",생활편의형SOC,CVNTL,파출소,화도 파출소,CVNTL_20_41360_00061,,경기도 남양주시 화도읍 창현로 8,경기도 남양주시 화도읍 창현리 736-3,,경기북부청,남양주,지구대,2022-07-11,,37.6503030000,127.3057200000
경기도,남양주시,퇴계원읍,"41360265",생활편의형SOC,CVNTL,파출소,퇴계원 파출소,CVNTL_20_41360_00062,,경기도 남양주시 퇴계원읍 퇴계원로6번길 29,경기도 남양주시 퇴계원읍 퇴계원리 218-171,,경기북부청,남양주,파출소,2022-07-11,,37.6486970000,127.1436840000
경기도,남양주시,금곡동,"41360103",생활편의형SOC,CVNTL,파출소,금곡 파출소,CVNTL_20_41360_00063,,경기도 남양주시 금곡로 57,경기도 남양주시 금곡동 420-1,,경기북부청,남양주,파출소,2022-07-11,,37.6343700000,127.2095000000
경기도,군포시,금정동,"41410105",생활편의형SOC,CVNTL,파출소,금정 파출소,CVNTL_20_41410_00045,,경기도 군포시 군포로683번길 31,경기도 군포시 금정동 904,,경기남부청,군포,파출소,2022-07-11,,37.3656000000,126.9440460000
경기도,의왕시,오전동,"41430105",생활편의형SOC,CVNTL,파출소,의왕 파출소,CVNTL_20_41430_00249,,경기도 의왕시 경수대로 352,경기도 의왕시 오전동 839-8,,경기남부청,의왕,지구대,2022-07-11,,37.3568950000,126.9680500000
경기도,하남시,감북동,"41450113",생활편의형SOC,CVNTL,파출소,서부 파출소,CVNTL_20_41450_00311,,경기도 하남시 감북로 43,경기도 하남시 감북동 327,,경기남부청,하남,파출소,2022-07-11,,37.5161860000,127.1620900000
경기도,하남시,덕풍동,"41450108",생활편의형SOC,CVNTL,파출소,덕풍 파출소,CVNTL_20_41450_00312,,경기도 하남시 덕풍로81번길 13,경기도 하남시 덕풍동 225-5,,경기남부청,하남,지구대,2022-07-11,,37.5512240000,127.2042400000
경기도,파주시,월롱면,"41480310",생활편의형SOC,CVNTL,파출소,월롱 파출소,CVNTL_20_41480_00275,,경기도 파주시 월롱면 휴암로 3,경기도 파주시 월롱면 위전리 430-5,,경기북부청,파주,파출소,2022-07-11,,37.7956800000,126.7910600000
경기도,이천시,백사면,"41500320",생활편의형SOC,CVNTL,파출소,백사 파출소,CVNTL_20_41500_00263,,경기도 이천시 백사면 현방로 62,경기도 이천시 백사면 현방리 99-38,,경기남부청,이천,파출소,2022-07-11,,37.3384930000,127.4911960000
경기도,이천시,마장면,"41500340",생활편의형SOC,CVNTL,파출소,마장 파출소,CVNTL_20_41500_00265,,경기도 이천시 마장면 오천로 101,경기도 이천시 마장면 오천리 59-11,,경기남부청,이천,파출소,2022-07-11,,37.2491650000,127.3573760000
경기도,이천시,부발읍,"41500253",생활편의형SOC,CVNTL,파출소,아미 파출소,CVNTL_20_41500_00266,,경기도 이천시 부발읍 경충대로 2154,경기도 이천시 부발읍 아미리 1076,,경기남부청,이천,파출소,2022-07-11,,37.2564660000,127.4864700000
경기도,이천시,부발읍,"41500253",생활편의형SOC,CVNTL,파출소,부발 파출소,CVNTL_20_41500_00267,,경기도 이천시 부발읍 무촌로 167-5,경기도 이천시 부발읍 무촌리 195-3,,경기남부청,이천,파출소,2022-07-11,,37.2869760000,127.4889500000
경기도,파주시,조리읍,"41480262",생활편의형SOC,CVNTL,파출소,조리 파출소,CVNTL_20_41480_00276,,경기도 파주시 조리읍 봉천로 55,경기도 파주시 조리읍 봉일천리 160-72,,경기북부청,파주,파출소,2022-07-11,,37.7438300000,126.8055900000
경기도,파주시,목동동,"41480117",생활편의형SOC,CVNTL,파출소,운정2 파출소,CVNTL_20_41480_00277,,경기도 파주시 해솔로 84,경기도 파주시 목동동 657,,경기북부청,파주,파출소,2022-07-11,,37.7282330000,126.7462700000
경기도,남양주시,별내동,"41360111",생활편의형SOC,CVNTL,파출소,별내 파출소,CVNTL_20_41360_00065,,경기도 남양주시 두물로 11,경기도 남양주시 별내동 937,,경기북부청,남양주,파출소,2022-07-11,,37.6556780000,127.1261800000
경기도,남양주시,진건읍,"41360259",생활편의형SOC,CVNTL,파출소,진건 파출소,CVNTL_20_41360_00069,,경기도 남양주시 진건읍 진건오남로 5,경기도 남양주시 진건읍 사능리 600-8,,경기북부청,남양주,파출소,2022-07-11,,37.6513800000,127.1786350000
경기도,남양주시,와부읍,"41360250",생활편의형SOC,CVNTL,파출소,와부 파출소,CVNTL_20_41360_00070,,경기도 남양주시 와부읍 덕소로 63,경기도 남양주시 와부읍 덕소리 462-18,,경기북부청,남양주,파출소,2022-07-11,,37.5873950000,127.2099900000
경기도,오산시,원동,"41370103",생활편의형SOC,CVNTL,파출소,오산 파출소,CVNTL_20_41370_00225,,경기도 오산시 운암로 11,경기도 오산시 원동 813-13,,경기남부청,화성동부,지구대,2022-07-11,,37.1473270000,127.0759300000
경기도,파주시,아동동,"41480102",생활편의형SOC,CVNTL,파출소,금촌 파출소,CVNTL_20_41480_00278,,경기도 파주시 새꽃로 212,경기도 파주시 아동동 356-3,,경기북부청,파주,지구대,2022-07-11,,37.7657470000,126.7759400000
경기도,파주시,광탄면,"41480350",생활편의형SOC,CVNTL,파출소,광탄 파출소,CVNTL_20_41480_00279,,경기도 파주시 광탄면 동거리길 25-7,경기도 파주시 광탄면 신산리 221-12,,경기북부청,파주,파출소,2022-07-11,,37.7815000000,126.8489400000
경기도,용인시 수지구,풍덕천동,"41465101",생활편의형SOC,CVNTL,파출소,수지 파출소,CVNTL_20_41465_00235,,경기도 용인시 수지구 풍덕천로190번길 18,경기도 용인시 수지구 풍덕천동 77-1,,경기남부청,용인서부,지구대,2022-07-11,,37.3250050000,127.1019100000
경기도,용인시 기흥구,보라동,"41463105",생활편의형SOC,CVNTL,파출소,보라 파출소,CVNTL_20_41463_00233,,경기도 용인시 기흥구 한보라1로 42-3,경기도 용인시 기흥구 보라동 609-2,,경기남부청,용인동부,파출소,2022-07-11,,37.2514400000,127.1087100000
경기도,용인시 처인구,백암면,"41461350",생활편의형SOC,CVNTL,파출소,백암 파출소,CVNTL_20_41461_00242,,경기도 용인시 처인구 백암면 백암로201번길 9,경기도 용인시 처인구 백암면 백암리 459-3,,경기남부청,용인동부,파출소,2022-07-11,,37.1644800000,127.3738900000
경기도,용인시 기흥구,보정동,"41463118",생활편의형SOC,CVNTL,파출소,보정 파출소,CVNTL_20_41463_00234,,경기도 용인시 기흥구 보정로 110,경기도 용인시 기흥구 보정동 1255-3,,경기남부청,용인서부,지구대,2022-07-11,,37.3195150000,127.1158200000
경기도,구리시,교문동,"41310104",생활편의형SOC,CVNTL,파출소,교문 파출소,CVNTL_20_41310_00041,,경기도 구리시 안골로 40,경기도 구리시 교문동 736-3,,경기북부청,구리,지구대,2022-07-11,,37.5969350000,127.1355400000
경기도,구리시,인창동,"41310103",생활편의형SOC,CVNTL,파출소,인창 파출소,CVNTL_20_41310_00042,,경기도 구리시 건원대로34번길 31,경기도 구리시 인창동 671-2,,경기북부청,구리,지구대,2022-07-11,,37.6054570000,127.1415200000
경기도,남양주시,별내면,"41360310",생활편의형SOC,CVNTL,파출소,청학 파출소,CVNTL_20_41360_00071,,경기도 남양주시 별내면 청학로68번길 8,경기도 남양주시 별내면 청학리 412-1,,경기북부청,남양주,파출소,2022-07-11,,37.7080000000,127.1199000000
경기도,파주시,동패동,"41480113",생활편의형SOC,CVNTL,파출소,운정1 파출소,CVNTL_20_41480_00280,,경기도 파주시 한울로 55-1,경기도 파주시 동패동 1895,,경기북부청,파주,파출소,2022-07-11,,37.7116600000,126.7383300000
경기도,용인시 수지구,상현동,"41465107",생활편의형SOC,CVNTL,파출소,상현 파출소,CVNTL_20_41465_00236,,경기도 용인시 수지구 심곡로 7,경기도 용인시 수지구 상현동 197-3,,경기남부청,용인서부,지구대,2022-07-11,,37.3062200000,127.0754800000
경기도,용인시 처인구,양지면,"41461360",생활편의형SOC,CVNTL,파출소,양지 파출소,CVNTL_20_41461_00243,,경기도 용인시 처인구 양지면 양지로 165,경기도 용인시 처인구 양지면 양지리 445-3,,경기남부청,용인동부,파출소,2022-07-11,,37.2342800000,127.2868600000
경기도,용인시 처인구,이동읍,"41461256",생활편의형SOC,CVNTL,파출소,이동 파출소,CVNTL_20_41461_00244,,경기도 용인시 처인구 이동읍 경기동로 688,경기도 용인시 처인구 이동읍 송전리 682-3,,경기남부청,용인동부,파출소,2022-07-11,,37.1397100000,127.1965260000
경기도,용인시 처인구,마평동,"41461107",생활편의형SOC,CVNTL,파출소,동부 파출소,CVNTL_20_41461_00245,,경기도 용인시 처인구 경안천로 16,경기도 용인시 처인구 마평동 858-5,,경기남부청,용인동부,파출소,2022-07-11,,37.2346460000,127.2106500000
경기도,하남시,망월동,"41450109",생활편의형SOC,CVNTL,파출소,미사 파출소,CVNTL_20_41450_00313,,경기도 하남시 아리수로 567,경기도 하남시 망월동 183-30,,경기남부청,하남,파출소,2022-07-11,,37.5675700000,127.1898600000
경기도,하남시,천현동,"41450101",생활편의형SOC,CVNTL,파출소,하남 파출소,CVNTL_20_41450_00314,,경기도 하남시 신장로 66,경기도 하남시 천현동 194-14,,경기남부청,하남,지구대,2022-07-11,,37.5356030000,127.2102400000
